{"type": "FeatureCollection", "name": "ciclovias_villacrespo", "features": [{"type": "Feature", "properties": {"id": 2235, "nombre": "FIGUEROA ALCORTA, PRES. AV.", "tipo": "Ciclovías", "comuna": 14, "barrio": "Palermo", "longitud_m": 88.27}, "geometry": {"type": "LineString", "coordinates": [[-58.42337067154399, -34.562678856054404], [-58.42357590629876, -34.56240753617473], [-58.42372484007852, -34.56223357660537], [-58.42390464227646, -34.56201732505123]]}}, {"type": "Feature", "properties": {"id": 32401, "nombre": "DEL LIBERTADOR AV.", "tipo": "Ciclovías", "comuna": 14, "barrio": "Palermo", "longitud_m": 174.07}, "geometry": {"type": "LineString", "coordinates": [[-58.413161479160635, -34.57579669686849], [-58.41370938726835, -34.57535589896259], [-58.414395860714755, -34.57501749088829], [-58.41463133295556, -34.57482212162811]]}}, {"type": "Feature", "properties": {"id": 13775, "nombre": "CHACO", "tipo": "Ciclovías", "comuna": 6, "barrio": "Caballito", "longitud_m": 26.08}, "geometry": {"type": "LineString", "coordinates": [[-58.43149450778304, -34.61756873205811], [-58.43176826073047, -34.617632254626166]]}}, {"type": "Feature", "properties": {"id": 5268, "nombre": "GODOY CRUZ", "tipo": "Ciclovías", "comuna": 14, "barrio": "Palermo", "longitud_m": 139.77}, "geometry": {"type": "LineString", "coordinates": [[-58.42889126932933, -34.58280748830656], [-58.427997655757196, -34.58178707348349]]}}, {"type": "Feature", "properties": {"id": 32400, "nombre": "DEL LIBERTADOR AV.", "tipo": "Ciclovías", "comuna": 14, "barrio": "Palermo", "longitud_m": 250.94}, "geometry": {"type": "LineString", "coordinates": [[-58.413161479160635, -34.57579669686849], [-58.41343218599782, -34.57600572222287], [-58.414762556685446, -34.57541892552351], [-58.41484544767245, -34.575436846164806], [-58.41495645133545, -34.57545775910172], [-58.415091980979504, -34.575450656791816], [-58.41515542662002, -34.57543637102879], [-58.41524739657545, -34.57541912816006], [-58.41557610912088, -34.57554308242817]]}}, {"type": "Feature", "properties": {"id": 5105, "nombre": "ROSETI", "tipo": "Ciclovías", "comuna": 15, "barrio": "Chacarita", "longitud_m": 98.5}, "geometry": {"type": "LineString", "coordinates": [[-58.45945905443102, -34.58186162687652], [-58.46053257783448, -34.581853275502276]]}}, {"type": "Feature", "properties": {"id": 31866, "nombre": "GODOY CRUZ", "tipo": "Ciclovías", "comuna": 14, "barrio": "Palermo", "longitud_m": 72.65}, "geometry": {"type": "LineString", "coordinates": [[-58.43064020227634, -34.58480359438891], [-58.430175302671465, -34.584273504040894]]}}, {"type": "Feature", "properties": {"id": 29710, "nombre": "ROLDAN, BELISARIO AV.", "tipo": "Ciclovías", "comuna": 14, "barrio": "Palermo", "longitud_m": 18.25}, "geometry": {"type": "LineString", "coordinates": [[-58.41789762070706, -34.566582767755335], [-58.41796079949435, -34.56673874325249]]}}, {"type": "Feature", "properties": {"id": 3114, "nombre": "GARCIA, TEODORO", "tipo": "Ciclovías", "comuna": 14, "barrio": "Palermo", "longitud_m": 189.2}, "geometry": {"type": "LineString", "coordinates": [[-58.444445161406165, -34.56820080760357], [-58.44570628191435, -34.56955003784114]]}}, {"type": "Feature", "properties": {"id": 2814, "nombre": "GARCIA, TEODORO", "tipo": "Ciclovías", "comuna": 14, "barrio": "Palermo", "longitud_m": 107.95}, "geometry": {"type": "LineString", "coordinates": [[-58.44305175659102, -34.5666309037354], [-58.44374496179126, -34.56741701914318]]}}, {"type": "Feature", "properties": {"id": 12809, "nombre": "VALLESE, FELIPE", "tipo": "Ciclovías", "comuna": 6, "barrio": "Caballito", "longitud_m": 114.52}, "geometry": {"type": "LineString", "coordinates": [[-58.44744139586257, -34.61389032085099], [-58.44855903170865, -34.61435053751393]]}}, {"type": "Feature", "properties": {"id": 14079, "nombre": "DOBLAS", "tipo": "Ciclovías", "comuna": 6, "barrio": "Caballito", "longitud_m": 123.76}, "geometry": {"type": "LineString", "coordinates": [[-58.43149450778304, -34.61756873205811], [-58.43130727835836, -34.618673556075436]]}}, {"type": "Feature", "properties": {"id": 30734, "nombre": "SARMIENTO AV.", "tipo": "Ciclovías", "comuna": 14, "barrio": "Palermo", "longitud_m": 60.18}, "geometry": {"type": "LineString", "coordinates": [[-58.412318664692926, -34.57217262538671], [-58.41202271464176, -34.571979654863014], [-58.41178332344347, -34.57186125448317]]}}, {"type": "Feature", "properties": {"id": 9383, "nombre": "PADILLA", "tipo": "Ciclovías", "comuna": 15, "barrio": "Villa Crespo", "longitud_m": 97.64}, "geometry": {"type": "LineString", "coordinates": [[-58.44109040499388, -34.601297882654436], [-58.44182452976848, -34.600660539485865]]}}, {"type": "Feature", "properties": {"id": 5905, "nombre": "ROSETI", "tipo": "Ciclovías", "comuna": 15, "barrio": "Chacarita", "longitud_m": 105.39}, "geometry": {"type": "LineString", "coordinates": [[-58.44746453700283, -34.58576537900431], [-58.44849033175703, -34.58533789449492]]}}, {"type": "Feature", "properties": {"id": 6738, "nombre": "GORRITI", "tipo": "Ciclovías", "comuna": 14, "barrio": "Palermo", "longitud_m": 113.53}, "geometry": {"type": "LineString", "coordinates": [[-58.43120968026304, -34.589389222885096], [-58.43218696966454, -34.588761436919185]]}}, {"type": "Feature", "properties": {"id": 27862, "nombre": "BORGES, JORGE LUIS", "tipo": "Ciclovías", "comuna": 14, "barrio": "Palermo", "longitud_m": 47.65}, "geometry": {"type": "LineString", "coordinates": [[-58.42995582604729, -34.588871835548886], [-58.42979232501645, -34.58846410763337]]}}, {"type": "Feature", "properties": {"id": 14030, "nombre": "MENDEZ DE ANDES", "tipo": "Ciclovías", "comuna": 6, "barrio": "Caballito", "longitud_m": 106.78}, "geometry": {"type": "LineString", "coordinates": [[-58.456201335062005, -34.61820641200381], [-58.457295235066304, -34.61853605234435]]}}, {"type": "Feature", "properties": {"id": 30282, "nombre": "SARMIENTO AV.", "tipo": "Ciclovías", "comuna": 14, "barrio": "Palermo", "longitud_m": 294.18}, "geometry": {"type": "LineString", "coordinates": [[-58.407862748355534, -34.567268177780505], [-58.40761973639957, -34.566989302654925], [-58.4074864425542, -34.56686239991619], [-58.40735205186331, -34.566750539651814], [-58.40719637128887, -34.566668169742705], [-58.40691239655075, -34.56659142158246], [-58.406642552747655, -34.566577197565465], [-58.40636904036021, -34.566593723302006], [-58.40599234691139, -34.56670780960738], [-58.40546184680834, -34.56696746379832], [-58.405163250279564, -34.56711922409597]]}}, {"type": "Feature", "properties": {"id": 6150, "nombre": "LOYOLA", "tipo": "Ciclovías", "comuna": 15, "barrio": "Chacarita", "longitud_m": 45.65}, "geometry": {"type": "LineString", "coordinates": [[-58.4450587921736, -34.58692140173696], [-58.44540320789139, -34.586624405213804]]}}, {"type": "Feature", "properties": {"id": 5663, "nombre": "ALVAREZ, JULIAN", "tipo": "Ciclovías", "comuna": 14, "barrio": "Palermo", "longitud_m": 126.54}, "geometry": {"type": "LineString", "coordinates": [[-58.411737661807265, -34.584655424006854], [-58.410717208283, -34.58388814383104]]}}, {"type": "Feature", "properties": {"id": 4763, "nombre": "GUATEMALA", "tipo": "Ciclovías", "comuna": 14, "barrio": "Palermo", "longitud_m": 129.61}, "geometry": {"type": "LineString", "coordinates": [[-58.43196046942752, -34.58034939618741], [-58.43297696532032, -34.57953815882484]]}}, {"type": "Feature", "properties": {"id": 28163, "nombre": "PATRICIAS ARGENTINAS AV.", "tipo": "Ciclovías", "comuna": 6, "barrio": "Caballito", "longitud_m": 38.23}, "geometry": {"type": "LineString", "coordinates": [[-58.434276416822065, -34.604798969468874], [-58.43464780996631, -34.60464250564615]]}}, {"type": "Feature", "properties": {"id": 3302, "nombre": "DEL LIBERTADOR AV.", "tipo": "Ciclovías", "comuna": 14, "barrio": "Palermo", "longitud_m": 85.29}, "geometry": {"type": "LineString", "coordinates": [[-58.42324699857255, -34.57116828888843], [-58.42352552964472, -34.571055772051245], [-58.42386671281048, -34.57091661320284], [-58.42407726279497, -34.57082298184812]]}}, {"type": "Feature", "properties": {"id": 27687, "nombre": "CALZADA CIRCULAR PLAZA ITALIA", "tipo": "Ciclovías", "comuna": 14, "barrio": "Palermo", "longitud_m": 78.95}, "geometry": {"type": "LineString", "coordinates": [[-58.420119387376985, -34.5813704483093], [-58.42014767295455, -34.5812430555625], [-58.42023130068796, -34.581109181874844], [-58.420403726700854, -34.580940783695624], [-58.42058658574377, -34.58079398621544]]}}, {"type": "Feature", "properties": {"id": 7490, "nombre": "SERRANO", "tipo": "Ciclovías", "comuna": 15, "barrio": "Villa Crespo", "longitud_m": 124.49}, "geometry": {"type": "LineString", "coordinates": [[-58.43670772866236, -34.59285060350887], [-58.43560847985717, -34.59219267195113]]}}, {"type": "Feature", "properties": {"id": 9014, "nombre": "TUCUMAN", "tipo": "Ciclovías", "comuna": 5, "barrio": "Almagro", "longitud_m": 117.3}, "geometry": {"type": "LineString", "coordinates": [[-58.41372141148655, -34.599938754538286], [-58.41384534430226, -34.59990788886062], [-58.4149325637405, -34.59959972834054]]}}, {"type": "Feature", "properties": {"id": 16907, "nombre": "BONIFACIO, JOSE", "tipo": "Ciclovías", "comuna": 6, "barrio": "Caballito", "longitud_m": 76.06}, "geometry": {"type": "LineString", "coordinates": [[-58.447995470039174, -34.62881810622565], [-58.448808283468765, -34.62895468584747]]}}, {"type": "Feature", "properties": {"id": 16130, "nombre": "DOBLAS", "tipo": "Ciclovías", "comuna": 6, "barrio": "Caballito", "longitud_m": 81.08}, "geometry": {"type": "LineString", "coordinates": [[-58.43008543543563, -34.62543309839464], [-58.42995751379519, -34.625985182383566], [-58.42992004840709, -34.6261510894868]]}}, {"type": "Feature", "properties": {"id": 6259, "nombre": "HUMBOLDT", "tipo": "Ciclovías", "comuna": 14, "barrio": "Palermo", "longitud_m": 153.91}, "geometry": {"type": "LineString", "coordinates": [[-58.438327086830384, -34.5874257117865], [-58.43717103926225, -34.586420381569674]]}}, {"type": "Feature", "properties": {"id": 3286, "nombre": "DEL LIBERTADOR AV.", "tipo": "Ciclovías", "comuna": 14, "barrio": "Palermo", "longitud_m": 677.37}, "geometry": {"type": "LineString", "coordinates": [[-58.42407726279497, -34.57082298184812], [-58.42443014529509, -34.57067703782091], [-58.4247745714015, -34.570506239382176], [-58.425891379641875, -34.56985057998308], [-58.430176975500494, -34.567391415133464]]}}, {"type": "Feature", "properties": {"id": 7260, "nombre": "MANSILLA, LUCIO NORBERTO, GENERAL", "tipo": "Ciclovías", "comuna": 14, "barrio": "Palermo", "longitud_m": 94.65}, "geometry": {"type": "LineString", "coordinates": [[-58.4137492183116, -34.59169116819227], [-58.41452668158805, -34.59113027476369]]}}, {"type": "Feature", "properties": {"id": 14326, "nombre": "MEXICO", "tipo": "Ciclovías", "comuna": 5, "barrio": "Almagro", "longitud_m": 122.63}, "geometry": {"type": "LineString", "coordinates": [[-58.41264444332856, -34.61939351061508], [-58.413941217598506, -34.61966298914265]]}}, {"type": "Feature", "properties": {"id": 13776, "nombre": "DOBLAS", "tipo": "Ciclovías", "comuna": 6, "barrio": "Caballito", "longitud_m": 140.99}, "geometry": {"type": "LineString", "coordinates": [[-58.43221277169429, -34.61641566312665], [-58.43176826073047, -34.617632254626166]]}}, {"type": "Feature", "properties": {"id": 5384, "nombre": "GORRITI", "tipo": "Ciclovías", "comuna": 14, "barrio": "Palermo", "longitud_m": 129.55}, "geometry": {"type": "LineString", "coordinates": [[-58.43928315136564, -34.58335343629561], [-58.44033025792441, -34.58257010236521]]}}, {"type": "Feature", "properties": {"id": 1724, "nombre": "OBLIGADO RAFAEL, AV.COSTANERA", "tipo": "Ciclovías", "comuna": 14, "barrio": "Palermo", "longitud_m": 278.47}, "geometry": {"type": "LineString", "coordinates": [[-58.410815741469946, -34.557515186120526], [-58.41176762738373, -34.55682524464502], [-58.412651805021675, -34.55628802879643], [-58.4131998612302, -34.55596687205611]]}}, {"type": "Feature", "properties": {"id": 5666, "nombre": "CORDOBA AV.", "tipo": "Ciclovías mano única", "comuna": 14, "barrio": "Palermo", "longitud_m": 24.93}, "geometry": {"type": "LineString", "coordinates": [[-58.444587048462864, -34.58466565619218], [-58.44478692702912, -34.584513430402396]]}}, {"type": "Feature", "properties": {"id": 5814, "nombre": "ROSETI", "tipo": "Ciclovías", "comuna": 15, "barrio": "Chacarita", "longitud_m": 109.71}, "geometry": {"type": "LineString", "coordinates": [[-58.44849033175703, -34.58533789449492], [-58.44940456269643, -34.584956868392084], [-58.44955469240659, -34.584887517945035]]}}, {"type": "Feature", "properties": {"id": 10764, "nombre": "PATRICIAS ARGENTINAS AV.", "tipo": "Ciclovías", "comuna": 6, "barrio": "Caballito", "longitud_m": 224.67}, "geometry": {"type": "LineString", "coordinates": [[-58.435564728427394, -34.604433277807395], [-58.435754318853185, -34.60442191213699], [-58.435854478014505, -34.60442137131905], [-58.435922357471405, -34.60442258376962], [-58.4360152758457, -34.6044263370329], [-58.43608289883647, -34.60443050712697], [-58.43617581589882, -34.604438344835145], [-58.43625953436027, -34.60444723678794], [-58.43636914274037, -34.60446092320362], [-58.43644110442002, -34.60448058724338], [-58.43653810492984, -34.60450328494885], [-58.43661347431405, -34.60452027353836], [-58.43667010746872, -34.60453415935616], [-58.43672665502425, -34.60454945360052], [-58.436782520842854, -34.60456601529482], [-58.43684571006515, -34.604586311000965], [-58.43690021233052, -34.6046056892886], [-58.43696944666111, -34.60463225393648], [-58.43706771945228, -34.60467269823553], [-58.43712732978466, -34.6046991198769], [-58.43719341162694, -34.60473004998255], [-58.43728018587355, -34.60477330859193], [-58.43734413793424, -34.60480635086854], [-58.43740085141463, -34.60483685632665], [-58.43746318443234, -34.60487285598689], [-58.43752372837446, -34.60491068624996], [-58.43760862477815, -34.60496845148332], [-58.437658948631736, -34.60500578656138], [-58.43770739808108, -34.60504544520305], [-58.43778070849815, -34.60511348972574]]}}, {"type": "Feature", "properties": {"id": 33029, "nombre": "DEL LIBERTADOR AV.", "tipo": "Ciclovías", "comuna": 14, "barrio": "Palermo", "longitud_m": 122.92}, "geometry": {"type": "LineString", "coordinates": [[-58.41679292104583, -34.57409386940613], [-58.417465483021026, -34.57376729280402], [-58.41795165995246, -34.573537962811685]]}}, {"type": "Feature", "properties": {"id": 6088, "nombre": "BORGES, JORGE LUIS", "tipo": "Ciclovías", "comuna": 14, "barrio": "Palermo", "longitud_m": 118.18}, "geometry": {"type": "LineString", "coordinates": [[-58.42707858546403, -34.58670090710878], [-58.426065665879904, -34.58604277371702]]}}, {"type": "Feature", "properties": {"id": 4879, "nombre": "RAVIGNANI, EMILIO, DR.", "tipo": "Ciclovías", "comuna": 14, "barrio": "Palermo", "longitud_m": 90.71}, "geometry": {"type": "LineString", "coordinates": [[-58.43839775632837, -34.580882016036306], [-58.43771779846155, -34.5802884135983]]}}, {"type": "Feature", "properties": {"id": 17163, "nombre": "ACHAVAL", "tipo": "Ciclovías", "comuna": 6, "barrio": "Caballito", "longitud_m": 142.25}, "geometry": {"type": "LineString", "coordinates": [[-58.448808283468765, -34.62895468584747], [-58.448346279702754, -34.62987787938708], [-58.44822303961699, -34.63014216278947]]}}, {"type": "Feature", "properties": {"id": 12797, "nombre": "LINIERS VIRREY", "tipo": "Ciclovías", "comuna": 5, "barrio": "Almagro", "longitud_m": 139.08}, "geometry": {"type": "LineString", "coordinates": [[-58.41478634857669, -34.61305232854091], [-58.41453205089922, -34.61428822934522]]}}, {"type": "Feature", "properties": {"id": 28713, "nombre": "PUENTE CABALLITO", "tipo": "Ciclovías", "comuna": 6, "barrio": "Caballito", "longitud_m": 437.8}, "geometry": {"type": "LineString", "coordinates": [[-58.449848000076756, -34.62233093057352], [-58.44978577530392, -34.62232713566687], [-58.44951018211221, -34.6223069149465], [-58.449327964057474, -34.62219048020785], [-58.44921616438157, -34.62202611816572], [-58.44922033735651, -34.621841225808424], [-58.44931977528244, -34.62162552892568], [-58.44982525161027, -34.62047856525024], [-58.44998274835817, -34.61976982645025], [-58.45009757168329, -34.61916052452322], [-58.450230649908065, -34.618867053474524]]}}, {"type": "Feature", "properties": {"id": 4804, "nombre": "DEL LIBERTADOR AV.", "tipo": "Ciclovías", "comuna": 14, "barrio": "Palermo", "longitud_m": 5.62}, "geometry": {"type": "LineString", "coordinates": [[-58.40464765686781, -34.58051517538289], [-58.40469178657435, -34.58047998465964]]}}, {"type": "Feature", "properties": {"id": 2372, "nombre": "GARCIA, TEODORO", "tipo": "Ciclovías", "comuna": 14, "barrio": "Palermo", "longitud_m": 117.43}, "geometry": {"type": "LineString", "coordinates": [[-58.439850318600215, -34.563042859896], [-58.44060065043184, -34.563900273707986]]}}, {"type": "Feature", "properties": {"id": 2160, "nombre": "ALSINA, VALENTIN AV.", "tipo": "Ciclovías", "comuna": 14, "barrio": "Palermo", "longitud_m": 334.34}, "geometry": {"type": "LineString", "coordinates": [[-58.43486032802045, -34.56208952525301], [-58.43413470004106, -34.56188491298683], [-58.433255843072786, -34.56169821692704], [-58.4324501565919, -34.561623436899495], [-58.43177401139736, -34.5616046722128], [-58.431292789838196, -34.56162271640699]]}}, {"type": "Feature", "properties": {"id": 2337, "nombre": "LACROZE, FEDERICO", "tipo": "Ciclovías", "comuna": 14, "barrio": "Palermo", "longitud_m": 98.59}, "geometry": {"type": "LineString", "coordinates": [[-58.438177601891816, -34.562946820840445], [-58.438811161318036, -34.563664570685035]]}}, {"type": "Feature", "properties": {"id": 6643, "nombre": "LOYOLA", "tipo": "Ciclovías", "comuna": 15, "barrio": "Chacarita", "longitud_m": 128.08}, "geometry": {"type": "LineString", "coordinates": [[-58.442275515223706, -34.589029512040966], [-58.443305037459474, -34.588249812334524]]}}, {"type": "Feature", "properties": {"id": 10157, "nombre": "TRES ARROYOS", "tipo": "Ciclovías", "comuna": 15, "barrio": "Villa Crespo", "longitud_m": 113.09}, "geometry": {"type": "LineString", "coordinates": [[-58.4505986788313, -34.60354145991818], [-58.450705299524685, -34.60360788041421], [-58.451585012285705, -34.60415304659565]]}}, {"type": "Feature", "properties": {"id": 10937, "nombre": "BULNES", "tipo": "Ciclovías", "comuna": 5, "barrio": "Almagro", "longitud_m": 56.46}, "geometry": {"type": "LineString", "coordinates": [[-58.41866690779988, -34.60728612490446], [-58.41861667243497, -34.60677891617411]]}}, {"type": "Feature", "properties": {"id": 9358, "nombre": "HUMAHUACA", "tipo": "Ciclovías", "comuna": 5, "barrio": "Almagro", "longitud_m": 144.55}, "geometry": {"type": "LineString", "coordinates": [[-58.42838667481215, -34.60115856893092], [-58.429950979117635, -34.601001539297535]]}}, {"type": "Feature", "properties": {"id": 13277, "nombre": "TREINTA Y TRES ORIENTALES", "tipo": "Ciclovías", "comuna": 5, "barrio": "Almagro", "longitud_m": 118.31}, "geometry": {"type": "LineString", "coordinates": [[-58.42456813195935, -34.61483084952564], [-58.42453610290671, -34.615017179805115], [-58.42449029357557, -34.61589464136764]]}}, {"type": "Feature", "properties": {"id": 11017, "nombre": "PATRICIAS ARGENTINAS AV.", "tipo": "Ciclovías", "comuna": 6, "barrio": "Caballito", "longitud_m": 127.73}, "geometry": {"type": "LineString", "coordinates": [[-58.43310738174675, -34.60761527586424], [-58.43300497578349, -34.60745968488114], [-58.432966168896, -34.60737256131922], [-58.43294225772712, -34.6073114981615], [-58.43291418078035, -34.60722951816887], [-58.4328850897853, -34.60712570661728], [-58.432864684412664, -34.607027319836895], [-58.43285219790199, -34.60693485060586], [-58.43284601687327, -34.60683484762656], [-58.43284716053602, -34.60673505774439], [-58.43287775082188, -34.60650376330095]]}}, {"type": "Feature", "properties": {"id": 15920, "nombre": "PUAN", "tipo": "Ciclovías", "comuna": 6, "barrio": "Caballito", "longitud_m": 108.87}, "geometry": {"type": "LineString", "coordinates": [[-58.448267173293054, -34.624460485807916], [-58.44788671469813, -34.6253900968396]]}}, {"type": "Feature", "properties": {"id": 8702, "nombre": "LOYOLA", "tipo": "Ciclovías", "comuna": 15, "barrio": "Villa Crespo", "longitud_m": 117.78}, "geometry": {"type": "LineString", "coordinates": [[-58.43299471593525, -34.598658212304855], [-58.43378004855183, -34.59781832112871]]}}, {"type": "Feature", "properties": {"id": 9432, "nombre": "HUMAHUACA", "tipo": "Ciclovías", "comuna": 5, "barrio": "Almagro", "longitud_m": 135.1}, "geometry": {"type": "LineString", "coordinates": [[-58.425465609710905, -34.6014480547063], [-58.42692806048529, -34.601304553547244]]}}, {"type": "Feature", "properties": {"id": 15908, "nombre": "VALLE", "tipo": "Ciclovías", "comuna": 6, "barrio": "Caballito", "longitud_m": 117.01}, "geometry": {"type": "LineString", "coordinates": [[-58.44332461904374, -34.62525387014771], [-58.44459623808339, -34.625339988227246]]}}, {"type": "Feature", "properties": {"id": 12553, "nombre": "DON BOSCO", "tipo": "Ciclovías", "comuna": 5, "barrio": "Almagro", "longitud_m": 126.59}, "geometry": {"type": "LineString", "coordinates": [[-58.42063461031723, -34.61317050140085], [-58.42198866284637, -34.613391392881184]]}}, {"type": "Feature", "properties": {"id": 8958, "nombre": "ESTADO DE ISRAEL AV.", "tipo": "Ciclovías mano única", "comuna": 15, "barrio": "Villa Crespo", "longitud_m": 68.0}, "geometry": {"type": "LineString", "coordinates": [[-58.4296483821731, -34.599320162615214], [-58.43015194847563, -34.59977002576182]]}}, {"type": "Feature", "properties": {"id": 9933, "nombre": "HUMAHUACA", "tipo": "Ciclovías", "comuna": 5, "barrio": "Almagro", "longitud_m": 128.11}, "geometry": {"type": "LineString", "coordinates": [[-58.4129751703451, -34.60323385109574], [-58.41431930523901, -34.60292023845898]]}}, {"type": "Feature", "properties": {"id": 11810, "nombre": "FRAGATA PRES. SARMIENTO", "tipo": "Ciclovías", "comuna": 6, "barrio": "Caballito", "longitud_m": 125.94}, "geometry": {"type": "LineString", "coordinates": [[-58.45566272950555, -34.61067466058071], [-58.456353925951944, -34.60969370236871]]}}, {"type": "Feature", "properties": {"id": 7374, "nombre": "DIAZ, CNEL. AV.", "tipo": "Ciclovías", "comuna": 14, "barrio": "Palermo", "longitud_m": 65.87}, "geometry": {"type": "LineString", "coordinates": [[-58.41288041591801, -34.59231927355084], [-58.412465486326106, -34.591834656693905]]}}, {"type": "Feature", "properties": {"id": 10085, "nombre": "BRAVARD", "tipo": "Ciclovías", "comuna": 15, "barrio": "Villa Crespo", "longitud_m": 55.47}, "geometry": {"type": "LineString", "coordinates": [[-58.43902276342479, -34.603866823345456], [-58.43940872575851, -34.60348195699623]]}}, {"type": "Feature", "properties": {"id": 8510, "nombre": "ESTADO DE ISRAEL AV.", "tipo": "Ciclovías mano única", "comuna": 15, "barrio": "Villa Crespo", "longitud_m": 136.45}, "geometry": {"type": "LineString", "coordinates": [[-58.42495609534066, -34.59785129050779], [-58.42630471519307, -34.59788149603761], [-58.42644130808698, -34.5978991432857]]}}, {"type": "Feature", "properties": {"id": 7607, "nombre": "ALVAREZ, JULIAN", "tipo": "Ciclovías", "comuna": 14, "barrio": "Palermo", "longitud_m": 109.26}, "geometry": {"type": "LineString", "coordinates": [[-58.42520070825754, -34.59350369112474], [-58.4242883653164, -34.592870575471466]]}}, {"type": "Feature", "properties": {"id": 10842, "nombre": "PERON, JUAN DOMINGO, TTE. GENERAL", "tipo": "Ciclovías", "comuna": 5, "barrio": "Almagro", "longitud_m": 123.44}, "geometry": {"type": "LineString", "coordinates": [[-58.4172772891274, -34.606887363526184], [-58.41861667243497, -34.60677891617411]]}}, {"type": "Feature", "properties": {"id": 12496, "nombre": "DON BOSCO", "tipo": "Ciclovías", "comuna": 5, "barrio": "Almagro", "longitud_m": 142.09}, "geometry": {"type": "LineString", "coordinates": [[-58.41914665084924, -34.612816023592465], [-58.42048155804101, -34.61314551787136], [-58.42063461031723, -34.61317050140085]]}}, {"type": "Feature", "properties": {"id": 15649, "nombre": "FALCON, RAMON L.,CNEL.", "tipo": "Ciclovías", "comuna": 6, "barrio": "Caballito", "longitud_m": 50.12}, "geometry": {"type": "LineString", "coordinates": [[-58.44778589148778, -34.62424633857224], [-58.4480698049696, -34.624372080025694], [-58.448267173293054, -34.624460485807916]]}}, {"type": "Feature", "properties": {"id": 15315, "nombre": "FRAGATA PRES. SARMIENTO", "tipo": "Ciclovías", "comuna": 6, "barrio": "Caballito", "longitud_m": 139.83}, "geometry": {"type": "LineString", "coordinates": [[-58.44812289890907, -34.62332186318587], [-58.44868969277465, -34.62215170732348]]}}, {"type": "Feature", "properties": {"id": 13206, "nombre": "FRAGATA PRES. SARMIENTO", "tipo": "Ciclovías", "comuna": 6, "barrio": "Caballito", "longitud_m": 120.0}, "geometry": {"type": "LineString", "coordinates": [[-58.45203654955898, -34.615716207667255], [-58.452708743475824, -34.614788157191114]]}}, {"type": "Feature", "properties": {"id": 4790, "nombre": "DEL LIBERTADOR AV.", "tipo": "Ciclovías", "comuna": 14, "barrio": "Palermo", "longitud_m": 112.12}, "geometry": {"type": "LineString", "coordinates": [[-58.40469178657435, -34.58047998465964], [-58.405300483186736, -34.579994421311106], [-58.40556900862605, -34.579776445951666]]}}, {"type": "Feature", "properties": {"id": 8341, "nombre": "LOYOLA", "tipo": "Ciclovías", "comuna": 15, "barrio": "Villa Crespo", "longitud_m": 132.56}, "geometry": {"type": "LineString", "coordinates": [[-58.43444447633701, -34.59710769408988], [-58.43532834623318, -34.59616239175176]]}}, {"type": "Feature", "properties": {"id": 15651, "nombre": "VALLE", "tipo": "Ciclovías", "comuna": 6, "barrio": "Caballito", "longitud_m": 125.99}, "geometry": {"type": "LineString", "coordinates": [[-58.433120759455825, -34.6243100715022], [-58.434482888630065, -34.62445821949662]]}}, {"type": "Feature", "properties": {"id": 7608, "nombre": "GORRITI", "tipo": "Ciclovías", "comuna": 14, "barrio": "Palermo", "longitud_m": 113.41}, "geometry": {"type": "LineString", "coordinates": [[-58.42520070825754, -34.59350369112474], [-58.42608479722341, -34.59278909291613]]}}, {"type": "Feature", "properties": {"id": 5715, "nombre": "ROSETI", "tipo": "Ciclovías", "comuna": 15, "barrio": "Chacarita", "longitud_m": 129.33}, "geometry": {"type": "LineString", "coordinates": [[-58.44955469240659, -34.584887517945035], [-58.44974561138709, -34.58479936869311], [-58.45077232996875, -34.584300314442224]]}}, {"type": "Feature", "properties": {"id": 31865, "nombre": "SOLER", "tipo": "Ciclovías", "comuna": 14, "barrio": "Palermo", "longitud_m": 55.85}, "geometry": {"type": "LineString", "coordinates": [[-58.42940625595752, -34.58339560090001], [-58.42984565130802, -34.58304725682171]]}}, {"type": "Feature", "properties": {"id": 10728, "nombre": "TRES ARROYOS", "tipo": "Ciclovías", "comuna": 6, "barrio": "Caballito", "longitud_m": 109.26}, "geometry": {"type": "LineString", "coordinates": [[-58.45446762394179, -34.605913174369846], [-58.455442945882645, -34.606478530977]]}}, {"type": "Feature", "properties": {"id": 13566, "nombre": "TREINTA Y TRES ORIENTALES", "tipo": "Ciclovías", "comuna": 5, "barrio": "Almagro", "longitud_m": 114.69}, "geometry": {"type": "LineString", "coordinates": [[-58.42449029357557, -34.61589464136764], [-58.424436403741254, -34.61692752471948]]}}, {"type": "Feature", "properties": {"id": 2976, "nombre": "DORREGO AV.", "tipo": "Ciclovías", "comuna": 14, "barrio": "Palermo", "longitud_m": 249.91}, "geometry": {"type": "LineString", "coordinates": [[-58.42185571772011, -34.56859481415464], [-58.420644573769565, -34.566577141071555]]}}, {"type": "Feature", "properties": {"id": 6608, "nombre": "CORDOBA AV.", "tipo": "Ciclovías mano única", "comuna": 14, "barrio": "Palermo", "longitud_m": 29.28}, "geometry": {"type": "LineString", "coordinates": [[-58.43825138319738, -34.58885663676766], [-58.43849922876373, -34.58869034646916]]}}, {"type": "Feature", "properties": {"id": 4674, "nombre": "RAVIGNANI, EMILIO, DR.", "tipo": "Ciclovías", "comuna": 14, "barrio": "Palermo", "longitud_m": 85.99}, "geometry": {"type": "LineString", "coordinates": [[-58.437200430821015, -34.57983695754751], [-58.43655572944099, -34.57927441299739]]}}, {"type": "Feature", "properties": {"id": 6452, "nombre": "DIAZ, CNEL. AV.", "tipo": "Ciclovías", "comuna": 14, "barrio": "Palermo", "longitud_m": 85.68}, "geometry": {"type": "LineString", "coordinates": [[-58.409500538944854, -34.58822677485399], [-58.40903144131909, -34.58755894991608]]}}, {"type": "Feature", "properties": {"id": 12239, "nombre": "RAWSON", "tipo": "Ciclovías", "comuna": 5, "barrio": "Almagro", "longitud_m": 131.85}, "geometry": {"type": "LineString", "coordinates": [[-58.425576008805564, -34.612130354906846], [-58.425802993095026, -34.611779504649455], [-58.42585602141367, -34.61148198169083], [-58.42592633956294, -34.610995588175015]]}}, {"type": "Feature", "properties": {"id": 10922, "nombre": "ACUÑA DE FIGUEROA, FRANCISCO", "tipo": "Ciclovías", "comuna": 5, "barrio": "Almagro", "longitud_m": 140.98}, "geometry": {"type": "LineString", "coordinates": [[-58.42291589816364, -34.60726823879774], [-58.42281671892417, -34.60611995000568], [-58.422814477345874, -34.606000370067605]]}}, {"type": "Feature", "properties": {"id": 8164, "nombre": "CORRIENTES AV.", "tipo": "Ciclovías mano única", "comuna": 15, "barrio": "Villa Crespo", "longitud_m": 130.73}, "geometry": {"type": "LineString", "coordinates": [[-58.44259166170722, -34.59635137875842], [-58.44353937103008, -34.59547131037595]]}}, {"type": "Feature", "properties": {"id": 2945, "nombre": "ROLDAN, BELISARIO AV.", "tipo": "Ciclovías", "comuna": 14, "barrio": "Palermo", "longitud_m": 291.38}, "geometry": {"type": "LineString", "coordinates": [[-58.41229905772708, -34.56819108067426], [-58.41229340899423, -34.568100971768274], [-58.412293132193014, -34.56799660329743], [-58.412275408340115, -34.56788405835022], [-58.41226059575342, -34.56774411968167], [-58.41222805550546, -34.567498185477056], [-58.41222519138943, -34.56744853536016], [-58.412226751569754, -34.56740304210985], [-58.412236916129125, -34.56734755225076], [-58.412256103904305, -34.56729319294761], [-58.412290618030895, -34.56723433291011], [-58.412325549342185, -34.56718927614072], [-58.412364222350064, -34.567150840778446], [-58.41240757478803, -34.56711691449076], [-58.412477154463694, -34.56707166084499], [-58.41252271521355, -34.56704597504364], [-58.412573808382874, -34.567022052124294], [-58.412646268678394, -34.566999335259524], [-58.41271046180449, -34.566992178630706], [-58.41278324646343, -34.56699608209237], [-58.41287365133402, -34.56700316187066], [-58.413015641884364, -34.5670164601542], [-58.41310476830816, -34.56702607449881], [-58.413169123648345, -34.56703229825621], [-58.41322922565393, -34.56703316801091], [-58.41330159188335, -34.567025098911316], [-58.41336195681389, -34.56701336281169], [-58.41343781956386, -34.566994942733025], [-58.41350329810589, -34.566973490139425], [-58.413557880858384, -34.56695034289524], [-58.41361902431628, -34.56691769105612], [-58.413668759769074, -34.566885738788606], [-58.41371602822819, -34.56685068684243], [-58.413758189633896, -34.566814224325086], [-58.4137935398728, -34.566778885815005], [-58.41383451625844, -34.566730802829056], [-58.41386876698135, -34.566683210073805], [-58.413900723094244, -34.56662892609923], [-58.41392995923236, -34.56656745776685]]}}, {"type": "Feature", "properties": {"id": 13278, "nombre": "MENDEZ DE ANDES", "tipo": "Ciclovías", "comuna": 6, "barrio": "Caballito", "longitud_m": 16.95}, "geometry": {"type": "LineString", "coordinates": [[-58.448995234858565, -34.615841806085996], [-58.449162859903744, -34.61590612223154]]}}, {"type": "Feature", "properties": {"id": 7881, "nombre": "ALVAREZ, JULIAN", "tipo": "Ciclovías", "comuna": 14, "barrio": "Palermo", "longitud_m": 134.86}, "geometry": {"type": "LineString", "coordinates": [[-58.42737303595698, -34.59501458608686], [-58.426248680847884, -34.594231420170786]]}}, {"type": "Feature", "properties": {"id": 6038, "nombre": "HUMBOLDT", "tipo": "Ciclovías", "comuna": 14, "barrio": "Palermo", "longitud_m": 121.43}, "geometry": {"type": "LineString", "coordinates": [[-58.43717103926225, -34.586420381569674], [-58.43625890501118, -34.58562721100198]]}}, {"type": "Feature", "properties": {"id": 4367, "nombre": "DEL LIBERTADOR AV.", "tipo": "Ciclovías", "comuna": 14, "barrio": "Palermo", "longitud_m": 73.95}, "geometry": {"type": "LineString", "coordinates": [[-58.407910014253794, -34.57815292269849], [-58.40861937235455, -34.57783661680978]]}}, {"type": "Feature", "properties": {"id": 12669, "nombre": "FRAGATA PRES. SARMIENTO", "tipo": "Ciclovías", "comuna": 6, "barrio": "Caballito", "longitud_m": 127.3}, "geometry": {"type": "LineString", "coordinates": [[-58.4534289711329, -34.61379390870236], [-58.45414202561532, -34.61280937369936]]}}, {"type": "Feature", "properties": {"id": 5185, "nombre": "DIAZ, CNEL. AV.", "tipo": "Ciclovías", "comuna": 14, "barrio": "Palermo", "longitud_m": 94.02}, "geometry": {"type": "LineString", "coordinates": [[-58.40558707416474, -34.58234157235353], [-58.405187087366755, -34.58156129782663]]}}, {"type": "Feature", "properties": {"id": 11506, "nombre": "TRES ARROYOS", "tipo": "Ciclovías", "comuna": 6, "barrio": "Caballito", "longitud_m": 96.17}, "geometry": {"type": "LineString", "coordinates": [[-58.46077169629307, -34.6090375971023], [-58.461458530314204, -34.60942120633324], [-58.46164097167826, -34.609522337125846]]}}, {"type": "Feature", "properties": {"id": 11819, "nombre": "JAURETCHE, ARTURO", "tipo": "Ciclovías", "comuna": 6, "barrio": "Caballito", "longitud_m": 100.11}, "geometry": {"type": "LineString", "coordinates": [[-58.43570008127743, -34.61029635006454], [-58.43650232350975, -34.61063301242296], [-58.43667384438476, -34.61070403686809]]}}, {"type": "Feature", "properties": {"id": 29974, "nombre": "SOLER", "tipo": "Ciclovías", "comuna": 14, "barrio": "Palermo", "longitud_m": 107.48}, "geometry": {"type": "LineString", "coordinates": [[-58.42984565130802, -34.58304725682171], [-58.43069127790776, -34.582376847824925]]}}, {"type": "Feature", "properties": {"id": 3445, "nombre": "FIGUEROA ALCORTA, PRES. AV.", "tipo": "Ciclovías", "comuna": 14, "barrio": "Palermo", "longitud_m": 431.99}, "geometry": {"type": "LineString", "coordinates": [[-58.40760925484662, -34.5745051802867], [-58.407870839817825, -34.57431818301043], [-58.41115613083103, -34.572052402623854], [-58.41122192824616, -34.57200854892337]]}}, {"type": "Feature", "properties": {"id": 29708, "nombre": "FIGUEROA ALCORTA, PRES. AV.", "tipo": "Ciclovías", "comuna": 14, "barrio": "Palermo", "longitud_m": 143.95}, "geometry": {"type": "LineString", "coordinates": [[-58.415537690814446, -34.56895731752613], [-58.41634800448891, -34.5683919707778], [-58.41672870207107, -34.56811295591134]]}}, {"type": "Feature", "properties": {"id": 7435, "nombre": "LOYOLA", "tipo": "Ciclovías", "comuna": 15, "barrio": "Villa Crespo", "longitud_m": 77.51}, "geometry": {"type": "LineString", "coordinates": [[-58.43858634959514, -34.59268571396925], [-58.439104095291235, -34.5921335549396]]}}, {"type": "Feature", "properties": {"id": 10353, "nombre": "GALLARDO, ANGEL AV.", "tipo": "Ciclovías mano única", "comuna": 15, "barrio": "Villa Crespo", "longitud_m": 86.17}, "geometry": {"type": "LineString", "coordinates": [[-58.43717600749618, -34.604552438004], [-58.437976390652004, -34.60495909160835]]}}, {"type": "Feature", "properties": {"id": 8575, "nombre": "CORRIENTES AV.", "tipo": "Ciclovías mano única", "comuna": 15, "barrio": "Villa Crespo", "longitud_m": 132.28}, "geometry": {"type": "LineString", "coordinates": [[-58.44069413899061, -34.5981121968946], [-58.44165347296987, -34.59722200456786]]}}, {"type": "Feature", "properties": {"id": 9783, "nombre": "CORRIENTES AV.", "tipo": "Ciclovías mano única", "comuna": 5, "barrio": "Almagro", "longitud_m": 134.8}, "geometry": {"type": "LineString", "coordinates": [[-58.425646529667695, -34.602709115667004], [-58.427105681052005, -34.6025648367385]]}}, {"type": "Feature", "properties": {"id": 1308, "nombre": "OBLIGADO RAFAEL, AV.COSTANERA", "tipo": "Ciclovías", "comuna": 14, "barrio": "Palermo", "longitud_m": 212.89}, "geometry": {"type": "LineString", "coordinates": [[-58.41886817221468, -34.55404661217817], [-58.4196471148828, -34.55395339992695], [-58.4205875345737, -34.55376173749768], [-58.42114651096686, -34.553700159446144]]}}, {"type": "Feature", "properties": {"id": 29832, "nombre": "SENDERO ZAPATA (NO OFICIAL)", "tipo": "Ciclovías", "comuna": 14, "barrio": "Palermo", "longitud_m": 85.66}, "geometry": {"type": "LineString", "coordinates": [[-58.43662266225923, -34.57589651855524], [-58.43755455411386, -34.57594188770163]]}}, {"type": "Feature", "properties": {"id": 12682, "nombre": "TREINTA Y TRES ORIENTALES", "tipo": "Ciclovías", "comuna": 5, "barrio": "Almagro", "longitud_m": 72.96}, "geometry": {"type": "LineString", "coordinates": [[-58.42494026774466, -34.613196649820445], [-58.424793122168595, -34.61384295005251]]}}, {"type": "Feature", "properties": {"id": 10071, "nombre": "BILLINGHURST", "tipo": "Ciclovías", "comuna": 5, "barrio": "Almagro", "longitud_m": 129.05}, "geometry": {"type": "LineString", "coordinates": [[-58.41566308698492, -34.60380402306387], [-58.41547160743154, -34.60265153662506]]}}, {"type": "Feature", "properties": {"id": 6837, "nombre": "CORRIENTES AV.", "tipo": "Ciclovías mano única", "comuna": 15, "barrio": "Chacarita", "longitud_m": 114.58}, "geometry": {"type": "LineString", "coordinates": [[-58.44951716723846, -34.589889291989564], [-58.45033894256723, -34.58911155169611]]}}, {"type": "Feature", "properties": {"id": 12999, "nombre": "OTAMENDI", "tipo": "Ciclovías", "comuna": 6, "barrio": "Caballito", "longitud_m": 80.84}, "geometry": {"type": "LineString", "coordinates": [[-58.432097293891715, -34.61497434743161], [-58.432367656887195, -34.614280745231255]]}}, {"type": "Feature", "properties": {"id": 17149, "nombre": "PUAN", "tipo": "Ciclovías", "comuna": 6, "barrio": "Caballito", "longitud_m": 143.11}, "geometry": {"type": "LineString", "coordinates": [[-58.44657089804002, -34.62859784636182], [-58.44647492252419, -34.628831568079825], [-58.44606178264138, -34.62981729558767]]}}, {"type": "Feature", "properties": {"id": 11108, "nombre": "ESTIVAO", "tipo": "Ciclovías", "comuna": 6, "barrio": "Caballito", "longitud_m": 80.9}, "geometry": {"type": "LineString", "coordinates": [[-58.4323552490327, -34.607776639016095], [-58.43288410748243, -34.607990910666054], [-58.4331712921892, -34.60803907131889]]}}, {"type": "Feature", "properties": {"id": 1828, "nombre": "OBLIGADO RAFAEL, AV.COSTANERA", "tipo": "Ciclovías", "comuna": 14, "barrio": "Palermo", "longitud_m": 156.28}, "geometry": {"type": "LineString", "coordinates": [[-58.40956702799057, -34.55847211312832], [-58.410297904507956, -34.557884761295654], [-58.410815741469946, -34.557515186120526]]}}, {"type": "Feature", "properties": {"id": 5588, "nombre": "ROSETI", "tipo": "Ciclovías", "comuna": 15, "barrio": "Chacarita", "longitud_m": 103.76}, "geometry": {"type": "LineString", "coordinates": [[-58.45077232996875, -34.584300314442224], [-58.45174734786293, -34.58382638793162]]}}, {"type": "Feature", "properties": {"id": 6418, "nombre": "BORGES, JORGE LUIS", "tipo": "Ciclovías", "comuna": 14, "barrio": "Palermo", "longitud_m": 60.05}, "geometry": {"type": "LineString", "coordinates": [[-58.429150783158576, -34.588047302825], [-58.42863609008443, -34.587712856098854]]}}, {"type": "Feature", "properties": {"id": 5127, "nombre": "DEL LIBERTADOR AV.", "tipo": "Ciclovías", "comuna": 14, "barrio": "Palermo", "longitud_m": 82.08}, "geometry": {"type": "LineString", "coordinates": [[-58.40165686701603, -34.58200591211915], [-58.40249030470685, -34.581737029500296]]}}, {"type": "Feature", "properties": {"id": 4433, "nombre": "RAVIGNANI, EMILIO, DR.", "tipo": "Ciclovías", "comuna": 14, "barrio": "Palermo", "longitud_m": 83.55}, "geometry": {"type": "LineString", "coordinates": [[-58.435630231243785, -34.57846693784146], [-58.43500385116233, -34.577920375346075]]}}, {"type": "Feature", "properties": {"id": 5107, "nombre": "ROSETI", "tipo": "Ciclovías", "comuna": 15, "barrio": "Chacarita", "longitud_m": 96.72}, "geometry": {"type": "LineString", "coordinates": [[-58.45840494415051, -34.58186989916461], [-58.45945905443102, -34.58186162687652]]}}, {"type": "Feature", "properties": {"id": 9765, "nombre": "HUMAHUACA", "tipo": "Ciclovías", "comuna": 5, "barrio": "Almagro", "longitud_m": 100.23}, "geometry": {"type": "LineString", "coordinates": [[-58.41547160743154, -34.60265153662506], [-58.41652381681793, -34.60240785636323]]}}, {"type": "Feature", "properties": {"id": 1879, "nombre": "FIGUEROA ALCORTA, PRES. AV.", "tipo": "Ciclovías", "comuna": 14, "barrio": "Palermo", "longitud_m": 16.13}, "geometry": {"type": "LineString", "coordinates": [[-58.42735707975071, -34.55928354151012], [-58.427484552009595, -34.559183506327784]]}}, {"type": "Feature", "properties": {"id": 6891, "nombre": "ALVAREZ, JULIAN", "tipo": "Ciclovías", "comuna": 14, "barrio": "Palermo", "longitud_m": 135.29}, "geometry": {"type": "LineString", "coordinates": [[-58.420244493936735, -34.590067196649265], [-58.41904623537421, -34.58935640372332]]}}, {"type": "Feature", "properties": {"id": 7986, "nombre": "CORDOBA AV.", "tipo": "Ciclovías mano única", "comuna": 14, "barrio": "Palermo", "longitud_m": 123.18}, "geometry": {"type": "LineString", "coordinates": [[-58.42809080557664, -34.59551459215837], [-58.42917090556817, -34.594854888276366]]}}, {"type": "Feature", "properties": {"id": 11348, "nombre": "FRAGATA PRES. SARMIENTO", "tipo": "Ciclovías", "comuna": 6, "barrio": "Caballito", "longitud_m": 172.38}, "geometry": {"type": "LineString", "coordinates": [[-58.45688734745262, -34.6089364674384], [-58.45783329068791, -34.60759374796066]]}}, {"type": "Feature", "properties": {"id": 8112, "nombre": "CORDOBA AV.", "tipo": "Ciclovías mano única", "comuna": 14, "barrio": "Palermo", "longitud_m": 121.47}, "geometry": {"type": "LineString", "coordinates": [[-58.42702576594789, -34.5961651358037], [-58.42809080557664, -34.59551459215837]]}}, {"type": "Feature", "properties": {"id": 8956, "nombre": "GURRUCHAGA", "tipo": "Ciclovías", "comuna": 15, "barrio": "Villa Crespo", "longitud_m": 130.38}, "geometry": {"type": "LineString", "coordinates": [[-58.44474956553892, -34.59975368122528], [-58.44373894253475, -34.598927313294205]]}}, {"type": "Feature", "properties": {"id": 12255, "nombre": "DON BOSCO", "tipo": "Ciclovías", "comuna": 5, "barrio": "Almagro", "longitud_m": 137.86}, "geometry": {"type": "LineString", "coordinates": [[-58.41533710490443, -34.61187562916196], [-58.41677733155772, -34.612231191633754]]}}, {"type": "Feature", "properties": {"id": 5480, "nombre": "NEWBERY, JORGE AV.", "tipo": "Ciclovías", "comuna": 15, "barrio": "Chacarita", "longitud_m": 123.03}, "geometry": {"type": "LineString", "coordinates": [[-58.44887522865068, -34.58275747116991], [-58.44921733911666, -34.583829784262846]]}}, {"type": "Feature", "properties": {"id": 8634, "nombre": "ESTADO DE ISRAEL AV.", "tipo": "Ciclovías mano única", "comuna": 15, "barrio": "Villa Crespo", "longitud_m": 14.06}, "geometry": {"type": "LineString", "coordinates": [[-58.427854383221565, -34.59836351292565], [-58.42798942641815, -34.59842341217611]]}}, {"type": "Feature", "properties": {"id": 16042, "nombre": "VALLE", "tipo": "Ciclovías", "comuna": 6, "barrio": "Caballito", "longitud_m": 73.09}, "geometry": {"type": "LineString", "coordinates": [[-58.44532856684553, -34.625593199780276], [-58.44604828562674, -34.62587612378878]]}}, {"type": "Feature", "properties": {"id": 15858, "nombre": "VALLE", "tipo": "Ciclovías", "comuna": 6, "barrio": "Caballito", "longitud_m": 83.46}, "geometry": {"type": "LineString", "coordinates": [[-58.44164504588288, -34.62509055351631], [-58.44254889326633, -34.62517845810315]]}}, {"type": "Feature", "properties": {"id": 10034, "nombre": "CORRIENTES AV.", "tipo": "Ciclovías mano única", "comuna": 5, "barrio": "Almagro", "longitud_m": 118.75}, "geometry": {"type": "LineString", "coordinates": [[-58.41674884583653, -34.60359767850516], [-58.41803393618888, -34.6034683009398]]}}, {"type": "Feature", "properties": {"id": 5989, "nombre": "GODOY CRUZ", "tipo": "Ciclovías", "comuna": 14, "barrio": "Palermo", "longitud_m": 105.38}, "geometry": {"type": "LineString", "coordinates": [[-58.4318372009353, -34.58616834395535], [-58.431162763791406, -34.58539942211338]]}}, {"type": "Feature", "properties": {"id": 12646, "nombre": "OTAMENDI", "tipo": "Ciclovías", "comuna": 6, "barrio": "Caballito", "longitud_m": 79.97}, "geometry": {"type": "LineString", "coordinates": [[-58.43256191487738, -34.613684941397686], [-58.43273067314741, -34.61316744171227], [-58.43279172576253, -34.61298956729703]]}}, {"type": "Feature", "properties": {"id": 3819, "nombre": "DEL LIBERTADOR AV.", "tipo": "Ciclovías", "comuna": 14, "barrio": "Palermo", "longitud_m": 49.44}, "geometry": {"type": "LineString", "coordinates": [[-58.41463133295556, -34.57482212162811], [-58.414803853068605, -34.57465273004023], [-58.415056121418246, -34.574570906523]]}}, {"type": "Feature", "properties": {"id": 13933, "nombre": "MENDEZ DE ANDES", "tipo": "Ciclovías", "comuna": 6, "barrio": "Caballito", "longitud_m": 100.32}, "geometry": {"type": "LineString", "coordinates": [[-58.45517362891657, -34.61789669609284], [-58.456201335062005, -34.61820641200381]]}}, {"type": "Feature", "properties": {"id": 13359, "nombre": "OTAMENDI", "tipo": "Ciclovías", "comuna": 6, "barrio": "Caballito", "longitud_m": 138.17}, "geometry": {"type": "LineString", "coordinates": [[-58.43163610516542, -34.61616001858402], [-58.432097293891715, -34.61497434743161]]}}, {"type": "Feature", "properties": {"id": 8757, "nombre": "PADILLA", "tipo": "Ciclovías", "comuna": 15, "barrio": "Villa Crespo", "longitud_m": 129.85}, "geometry": {"type": "LineString", "coordinates": [[-58.44373894253475, -34.598927313294205], [-58.44469347852934, -34.5980630123174]]}}, {"type": "Feature", "properties": {"id": 8866, "nombre": "ACUÑA DE FIGUEROA, FRANCISCO", "tipo": "Ciclovías", "comuna": 5, "barrio": "Almagro", "longitud_m": 129.1}, "geometry": {"type": "LineString", "coordinates": [[-58.422040746572485, -34.59936325064811], [-58.42202046069448, -34.59922514304463], [-58.42186486008379, -34.598208595504914]]}}, {"type": "Feature", "properties": {"id": 13669, "nombre": "CHACO", "tipo": "Ciclovías", "comuna": 6, "barrio": "Caballito", "longitud_m": 12.51}, "geometry": {"type": "LineString", "coordinates": [[-58.430209901647395, -34.6172707105643], [-58.43034124075168, -34.617301169038505]]}}, {"type": "Feature", "properties": {"id": 13579, "nombre": "QUITO", "tipo": "Ciclovías", "comuna": 5, "barrio": "Almagro", "longitud_m": 131.62}, "geometry": {"type": "LineString", "coordinates": [[-58.424436403741254, -34.61692752471948], [-58.425867677737536, -34.617013677596084]]}}, {"type": "Feature", "properties": {"id": 9495, "nombre": "ESTADO DE ISRAEL AV.", "tipo": "Ciclovías mano única", "comuna": 15, "barrio": "Villa Crespo", "longitud_m": 111.98}, "geometry": {"type": "LineString", "coordinates": [[-58.431156035323234, -34.600880663657435], [-58.43187435512363, -34.60169684916049]]}}, {"type": "Feature", "properties": {"id": 30732, "nombre": "SARMIENTO AV.", "tipo": "Ciclovías", "comuna": 14, "barrio": "Palermo", "longitud_m": 63.98}, "geometry": {"type": "LineString", "coordinates": [[-58.41286023375786, -34.57262423261117], [-58.41246580714191, -34.57214866120296]]}}, {"type": "Feature", "properties": {"id": 9165, "nombre": "GURRUCHAGA", "tipo": "Ciclovías", "comuna": 15, "barrio": "Villa Crespo", "longitud_m": 129.54}, "geometry": {"type": "LineString", "coordinates": [[-58.445753737126225, -34.600574687553966], [-58.44474956553892, -34.59975368122528]]}}, {"type": "Feature", "properties": {"id": 5954, "nombre": "BORGES, JORGE LUIS", "tipo": "Ciclovías", "comuna": 14, "barrio": "Palermo", "longitud_m": 79.67}, "geometry": {"type": "LineString", "coordinates": [[-58.426065665879904, -34.58604277371702], [-58.42538449429541, -34.58559741522322]]}}, {"type": "Feature", "properties": {"id": 3785, "nombre": "SARMIENTO AV.", "tipo": "Ciclovías", "comuna": 14, "barrio": "Palermo", "longitud_m": 300.58}, "geometry": {"type": "LineString", "coordinates": [[-58.415056121418246, -34.574570906523], [-58.414660144574334, -34.5744273469478], [-58.41445906947652, -34.57433252258077], [-58.41286023375786, -34.57262423261117]]}}, {"type": "Feature", "properties": {"id": 11225, "nombre": "BILLINGHURST", "tipo": "Ciclovías", "comuna": 5, "barrio": "Almagro", "longitud_m": 175.64}, "geometry": {"type": "LineString", "coordinates": [[-58.41606734341177, -34.60853544559827], [-58.41628968052785, -34.606962903576594]]}}, {"type": "Feature", "properties": {"id": 6244, "nombre": "ALVAREZ, JULIAN", "tipo": "Ciclovías", "comuna": 14, "barrio": "Palermo", "longitud_m": 56.21}, "geometry": {"type": "LineString", "coordinates": [[-58.415664132359886, -34.587352701327525], [-58.41516599421766, -34.58705778239702]]}}, {"type": "Feature", "properties": {"id": 10182, "nombre": "GALLARDO, ANGEL AV.", "tipo": "Ciclovías mano única", "comuna": 15, "barrio": "Villa Crespo", "longitud_m": 155.91}, "geometry": {"type": "LineString", "coordinates": [[-58.43514990350268, -34.603574367238316], [-58.435339539813555, -34.603674553180205], [-58.43661763839414, -34.604282806148774]]}}, {"type": "Feature", "properties": {"id": 10979, "nombre": "ESTIVAO", "tipo": "Ciclovías", "comuna": 6, "barrio": "Caballito", "longitud_m": 100.58}, "geometry": {"type": "LineString", "coordinates": [[-58.430607537410246, -34.60704638408276], [-58.43158549542277, -34.60745636637631]]}}, {"type": "Feature", "properties": {"id": 13250, "nombre": "ESPINOSA", "tipo": "Ciclovías", "comuna": 6, "barrio": "Caballito", "longitud_m": 123.15}, "geometry": {"type": "LineString", "coordinates": [[-58.44914685835537, -34.61583266872265], [-58.44974686337877, -34.61483955491743]]}}, {"type": "Feature", "properties": {"id": 9034, "nombre": "ALVAREZ, JULIAN", "tipo": "Ciclovías", "comuna": 15, "barrio": "Villa Crespo", "longitud_m": 124.69}, "geometry": {"type": "LineString", "coordinates": [[-58.435149650479175, -34.600033256976864], [-58.43407349407374, -34.59934658483214]]}}, {"type": "Feature", "properties": {"id": 2919, "nombre": "GARCIA, TEODORO", "tipo": "Ciclovías", "comuna": 14, "barrio": "Palermo", "longitud_m": 108.12}, "geometry": {"type": "LineString", "coordinates": [[-58.44374496179126, -34.56741701914318], [-58.44428421549057, -34.56802866638424], [-58.444445161406165, -34.56820080760357]]}}, {"type": "Feature", "properties": {"id": 9667, "nombre": "CORRIENTES AV.", "tipo": "Ciclovías mano única", "comuna": 5, "barrio": "Almagro", "longitud_m": 83.05}, "geometry": {"type": "LineString", "coordinates": [[-58.43017250814242, -34.60225570324134], [-58.43107105533052, -34.60216397066395]]}}, {"type": "Feature", "properties": {"id": 7945, "nombre": "ACUÑA DE FIGUEROA, FRANCISCO", "tipo": "Ciclovías", "comuna": 14, "barrio": "Palermo", "longitud_m": 135.18}, "geometry": {"type": "LineString", "coordinates": [[-58.42130200202617, -34.595365329462496], [-58.42109515617994, -34.594339818844574], [-58.421060074882924, -34.59416332493849]]}}, {"type": "Feature", "properties": {"id": 6804, "nombre": "HUMBOLDT", "tipo": "Ciclovías", "comuna": 15, "barrio": "Chacarita", "longitud_m": 127.47}, "geometry": {"type": "LineString", "coordinates": [[-58.44137585984784, -34.58971098523051], [-58.44125326268818, -34.58961680659239], [-58.44038514167382, -34.58890543719155]]}}, {"type": "Feature", "properties": {"id": 7275, "nombre": "DIAZ, CNEL. AV.", "tipo": "Ciclovías", "comuna": 14, "barrio": "Palermo", "longitud_m": 10.13}, "geometry": {"type": "LineString", "coordinates": [[-58.41239341024797, -34.591750470308284], [-58.41232958857011, -34.59167593537616]]}}, {"type": "Feature", "properties": {"id": 9823, "nombre": "TRES ARROYOS", "tipo": "Ciclovías", "comuna": 15, "barrio": "Villa Crespo", "longitud_m": 96.73}, "geometry": {"type": "LineString", "coordinates": [[-58.44863031571877, -34.60230657266328], [-58.44876035152243, -34.60238849087726], [-58.44946863754485, -34.602835546114896]]}}, {"type": "Feature", "properties": {"id": 16870, "nombre": "BONIFACIO, JOSE", "tipo": "Ciclovías", "comuna": 6, "barrio": "Caballito", "longitud_m": 132.91}, "geometry": {"type": "LineString", "coordinates": [[-58.44657089804002, -34.62859784636182], [-58.447663819756784, -34.62876235933524], [-58.447995470039174, -34.62881810622565]]}}, {"type": "Feature", "properties": {"id": 7736, "nombre": "ALVAREZ, JULIAN", "tipo": "Ciclovías", "comuna": 14, "barrio": "Palermo", "longitud_m": 125.54}, "geometry": {"type": "LineString", "coordinates": [[-58.426248680847884, -34.594231420170786], [-58.4260750108565, -34.59411044983632], [-58.42520070825754, -34.59350369112474]]}}, {"type": "Feature", "properties": {"id": 13731, "nombre": "MENDEZ DE ANDES", "tipo": "Ciclovías", "comuna": 6, "barrio": "Caballito", "longitud_m": 124.37}, "geometry": {"type": "LineString", "coordinates": [[-58.452587488957185, -34.61711726119196], [-58.4538615152372, -34.61750124452619]]}}, {"type": "Feature", "properties": {"id": 14016, "nombre": "SENILLOSA", "tipo": "Ciclovías", "comuna": 6, "barrio": "Caballito", "longitud_m": 136.47}, "geometry": {"type": "LineString", "coordinates": [[-58.430209901647395, -34.6172707105643], [-58.429960769499, -34.618483545272]]}}, {"type": "Feature", "properties": {"id": 10302, "nombre": "ACUÑA DE FIGUEROA, FRANCISCO", "tipo": "Ciclovías", "comuna": 5, "barrio": "Almagro", "longitud_m": 186.75}, "geometry": {"type": "LineString", "coordinates": [[-58.4228041281478, -34.60468647423516], [-58.42256050794887, -34.60301517117374]]}}, {"type": "Feature", "properties": {"id": 9764, "nombre": "BILLINGHURST", "tipo": "Ciclovías", "comuna": 5, "barrio": "Almagro", "longitud_m": 99.97}, "geometry": {"type": "LineString", "coordinates": [[-58.41547160743154, -34.60265153662506], [-58.41545072815431, -34.602526174445934], [-58.41531490134294, -34.601759771526126]]}}, {"type": "Feature", "properties": {"id": 5721, "nombre": "GORRITI", "tipo": "Ciclovías", "comuna": 14, "barrio": "Palermo", "longitud_m": 130.25}, "geometry": {"type": "LineString", "coordinates": [[-58.43719015588134, -34.5849221898635], [-58.43824139061324, -34.58413310019643]]}}, {"type": "Feature", "properties": {"id": 5188, "nombre": "SOLER", "tipo": "Ciclovías", "comuna": 14, "barrio": "Palermo", "longitud_m": 122.24}, "geometry": {"type": "LineString", "coordinates": [[-58.43069127790776, -34.582376847824925], [-58.4316539798396, -34.58161518576187]]}}, {"type": "Feature", "properties": {"id": 31463, "nombre": "TRES ARROYOS", "tipo": "Ciclovías", "comuna": 15, "barrio": "Villa Crespo", "longitud_m": 11.09}, "geometry": {"type": "LineString", "coordinates": [[-58.44946863754485, -34.602835546114896], [-58.44956406260256, -34.60289690837937]]}}, {"type": "Feature", "properties": {"id": 10012, "nombre": "TRES ARROYOS", "tipo": "Ciclovías", "comuna": 15, "barrio": "Villa Crespo", "longitud_m": 118.83}, "geometry": {"type": "LineString", "coordinates": [[-58.44956406260256, -34.60289690837937], [-58.44972698436774, -34.60299854101917], [-58.4505986788313, -34.60354145991818]]}}, {"type": "Feature", "properties": {"id": 4092, "nombre": "DEL LIBERTADOR AV.", "tipo": "Ciclovías", "comuna": 14, "barrio": "Palermo", "longitud_m": 147.62}, "geometry": {"type": "LineString", "coordinates": [[-58.41174971969044, -34.57643471269888], [-58.413161479160635, -34.57579669686849]]}}, {"type": "Feature", "properties": {"id": 10695, "nombre": "PATRICIAS ARGENTINAS AV.", "tipo": "Ciclovías", "comuna": 6, "barrio": "Caballito", "longitud_m": 142.83}, "geometry": {"type": "LineString", "coordinates": [[-58.43320431268266, -34.60571379355062], [-58.43326856413362, -34.605622470023235], [-58.433333153468816, -34.60553854101774], [-58.433367236335314, -34.605497492446695], [-58.43340242615434, -34.60545707794924], [-58.43347067374135, -34.60538378372312], [-58.43352000479721, -34.60533471054884], [-58.43356498971123, -34.60529239695739], [-58.43361687493165, -34.60524564834328], [-58.43367020755851, -34.605200097258866], [-58.43373665929332, -34.60514609850213], [-58.43378019304232, -34.60511244657718], [-58.43382466342564, -34.605079358251324], [-58.43389613884137, -34.60502860010424], [-58.43394904195829, -34.60499262639818], [-58.43400288152576, -34.604957709247294], [-58.43405067227047, -34.60492772027247], [-58.43411992975596, -34.60488625737255], [-58.4341901234733, -34.604846414398565], [-58.434276416822065, -34.604798969468874]]}}, {"type": "Feature", "properties": {"id": 11854, "nombre": "VALLESE, FELIPE", "tipo": "Ciclovías", "comuna": 6, "barrio": "Caballito", "longitud_m": 95.56}, "geometry": {"type": "LineString", "coordinates": [[-58.43835665387739, -34.61043664235206], [-58.43907110912462, -34.61071453663314], [-58.43930199604921, -34.61079866792972]]}}, {"type": "Feature", "properties": {"id": 28563, "nombre": "CORRIENTES AV.", "tipo": "Ciclovías mano única", "comuna": 15, "barrio": "Chacarita", "longitud_m": 131.27}, "geometry": {"type": "LineString", "coordinates": [[-58.452777510683084, -34.5882376865918], [-58.454083295440604, -34.58775398089667]]}}, {"type": "Feature", "properties": {"id": 10072, "nombre": "CORRIENTES AV.", "tipo": "Ciclovías mano única", "comuna": 5, "barrio": "Almagro", "longitud_m": 102.19}, "geometry": {"type": "LineString", "coordinates": [[-58.41566308698492, -34.60380402306387], [-58.41674884583653, -34.60359767850516]]}}, {"type": "Feature", "properties": {"id": 14193, "nombre": "TREINTA Y TRES ORIENTALES", "tipo": "Ciclovías", "comuna": 5, "barrio": "Almagro", "longitud_m": 131.04}, "geometry": {"type": "LineString", "coordinates": [[-58.42438388728746, -34.6179351263028], [-58.42437271381152, -34.61814864653246], [-58.42427881646984, -34.61911306510974]]}}, {"type": "Feature", "properties": {"id": 28968, "nombre": "DEL LIBERTADOR AV.", "tipo": "Ciclovías", "comuna": 14, "barrio": "Palermo", "longitud_m": 125.44}, "geometry": {"type": "LineString", "coordinates": [[-58.438177601891816, -34.562946820840445], [-58.43883471975325, -34.56270028554421], [-58.43944733936333, -34.56253250045331]]}}, {"type": "Feature", "properties": {"id": 16473, "nombre": "DOBLAS", "tipo": "Ciclovías", "comuna": 6, "barrio": "Caballito", "longitud_m": 142.27}, "geometry": {"type": "LineString", "coordinates": [[-58.42992004840709, -34.6261510894868], [-58.429635425946906, -34.62741172945317]]}}, {"type": "Feature", "properties": {"id": 3480, "nombre": "SARMIENTO AV.", "tipo": "Ciclovías", "comuna": 14, "barrio": "Palermo", "longitud_m": 65.48}, "geometry": {"type": "LineString", "coordinates": [[-58.41246580714191, -34.57214866120296], [-58.4123039189711, -34.571942040246846], [-58.41219962155065, -34.57181227571938], [-58.41214366440746, -34.57171056010015], [-58.41211595480204, -34.57163765969686]]}}, {"type": "Feature", "properties": {"id": 6279, "nombre": "GODOY CRUZ", "tipo": "Ciclovías", "comuna": 14, "barrio": "Palermo", "longitud_m": 120.37}, "geometry": {"type": "LineString", "coordinates": [[-58.4339478726429, -34.58749509046104], [-58.43290380865871, -34.586837992329365]]}}, {"type": "Feature", "properties": {"id": 6639, "nombre": "CORDOBA AV.", "tipo": "Ciclovías mano única", "comuna": 14, "barrio": "Palermo", "longitud_m": 23.45}, "geometry": {"type": "LineString", "coordinates": [[-58.438052935675344, -34.58898983762226], [-58.43825138319738, -34.58885663676766]]}}, {"type": "Feature", "properties": {"id": 13608, "nombre": "MENDEZ DE ANDES", "tipo": "Ciclovías", "comuna": 6, "barrio": "Caballito", "longitud_m": 112.43}, "geometry": {"type": "LineString", "coordinates": [[-58.45143783520222, -34.61676567146646], [-58.451670967320815, -34.616840976564205], [-58.452587488957185, -34.61711726119196]]}}, {"type": "Feature", "properties": {"id": 12681, "nombre": "DON BOSCO", "tipo": "Ciclovías", "comuna": 5, "barrio": "Almagro", "longitud_m": 136.62}, "geometry": {"type": "LineString", "coordinates": [[-58.423330970114584, -34.61360768795503], [-58.424793122168595, -34.61384295005251]]}}, {"type": "Feature", "properties": {"id": 6398, "nombre": "NEWBERY, JORGE AV.", "tipo": "Ciclovías", "comuna": 15, "barrio": "Chacarita", "longitud_m": 112.72}, "geometry": {"type": "LineString", "coordinates": [[-58.450213679366996, -34.586953472359184], [-58.45030415081297, -34.587239120876816], [-58.45052705641916, -34.58793591722912]]}}, {"type": "Feature", "properties": {"id": 6260, "nombre": "VEGA, NICETO, CNEL. AV.", "tipo": "Ciclovías", "comuna": 14, "barrio": "Palermo", "longitud_m": 22.17}, "geometry": {"type": "LineString", "coordinates": [[-58.438327086830384, -34.5874257117865], [-58.43851181947193, -34.58729687394003]]}}, {"type": "Feature", "properties": {"id": 4665, "nombre": "DEL LIBERTADOR AV.", "tipo": "Ciclovías", "comuna": 14, "barrio": "Palermo", "longitud_m": 34.14}, "geometry": {"type": "LineString", "coordinates": [[-58.40556900862605, -34.579776445951666], [-58.40583455098271, -34.57956086299949]]}}, {"type": "Feature", "properties": {"id": 13663, "nombre": "CHACO", "tipo": "Ciclovías", "comuna": 6, "barrio": "Caballito", "longitud_m": 58.06}, "geometry": {"type": "LineString", "coordinates": [[-58.42957846027307, -34.617233142815735], [-58.430209901647395, -34.6172707105643]]}}, {"type": "Feature", "properties": {"id": 4452, "nombre": "DEL LIBERTADOR AV.", "tipo": "Ciclovías", "comuna": 14, "barrio": "Palermo", "longitud_m": 108.84}, "geometry": {"type": "LineString", "coordinates": [[-58.406916666815924, -34.578682383873414], [-58.4070386324306, -34.57858337738153], [-58.40768687493782, -34.57825240058672], [-58.407910014253794, -34.57815292269849]]}}, {"type": "Feature", "properties": {"id": 5830, "nombre": "GODOY CRUZ", "tipo": "Ciclovías", "comuna": 14, "barrio": "Palermo", "longitud_m": 81.66}, "geometry": {"type": "LineString", "coordinates": [[-58.431162763791406, -34.58539942211338], [-58.43064020227634, -34.58480359438891]]}}, {"type": "Feature", "properties": {"id": 9715, "nombre": "CORRIENTES AV.", "tipo": "Ciclovías mano única", "comuna": 5, "barrio": "Almagro", "longitud_m": 147.82}, "geometry": {"type": "LineString", "coordinates": [[-58.428573174401016, -34.60241906383438], [-58.43017250814242, -34.60225570324134]]}}, {"type": "Feature", "properties": {"id": 10870, "nombre": "TRES ARROYOS", "tipo": "Ciclovías", "comuna": 6, "barrio": "Caballito", "longitud_m": 126.03}, "geometry": {"type": "LineString", "coordinates": [[-58.455442945882645, -34.606478530977], [-58.45651478635713, -34.60697543345219], [-58.45664109142877, -34.60703466661551]]}}, {"type": "Feature", "properties": {"id": 10156, "nombre": "CORRIENTES AV.", "tipo": "Ciclovías mano única", "comuna": 5, "barrio": "Almagro", "longitud_m": 123.07}, "geometry": {"type": "LineString", "coordinates": [[-58.413185929676175, -34.604136838533826], [-58.41334774692832, -34.60414296131577], [-58.414358760121324, -34.604043721675446], [-58.41451642455954, -34.60401469987806]]}}, {"type": "Feature", "properties": {"id": 6568, "nombre": "FOREST AV.", "tipo": "Ciclovías mano única", "comuna": 15, "barrio": "Chacarita", "longitud_m": 218.82}, "geometry": {"type": "LineString", "coordinates": [[-58.45076843528564, -34.588690532901154], [-58.45220688111775, -34.5871171234042]]}}, {"type": "Feature", "properties": {"id": 4658, "nombre": "FOREST AV.", "tipo": "Ciclovías mano única", "comuna": 15, "barrio": "Chacarita", "longitud_m": 201.54}, "geometry": {"type": "LineString", "coordinates": [[-58.45890256524849, -34.57974565300049], [-58.4602255014304, -34.578295384233854]]}}, {"type": "Feature", "properties": {"id": 8594, "nombre": "ACUÑA DE FIGUEROA, FRANCISCO", "tipo": "Ciclovías", "comuna": 5, "barrio": "Almagro", "longitud_m": 53.19}, "geometry": {"type": "LineString", "coordinates": [[-58.42186486008379, -34.598208595504914], [-58.42183209383167, -34.597994073948875], [-58.42177967769403, -34.597734404132424]]}}, {"type": "Feature", "properties": {"id": 10902, "nombre": "PERON, JUAN DOMINGO, TTE. GENERAL", "tipo": "Ciclovías", "comuna": 5, "barrio": "Almagro", "longitud_m": 143.01}, "geometry": {"type": "LineString", "coordinates": [[-58.41474626206453, -34.60714434398613], [-58.41610297479786, -34.606979099334126], [-58.41628968052785, -34.606962903576594]]}}, {"type": "Feature", "properties": {"id": 3954, "nombre": "CASARES AV.", "tipo": "Ciclovías", "comuna": 14, "barrio": "Palermo", "longitud_m": 46.92}, "geometry": {"type": "LineString", "coordinates": [[-58.40854618375906, -34.57557787859746], [-58.408452155916265, -34.57549931373056], [-58.408327255959684, -34.575370029679014], [-58.408217928027604, -34.575254203491305]]}}, {"type": "Feature", "properties": {"id": 15926, "nombre": "DOBLAS", "tipo": "Ciclovías", "comuna": 6, "barrio": "Caballito", "longitud_m": 84.35}, "geometry": {"type": "LineString", "coordinates": [[-58.43025841292997, -34.62468630590285], [-58.43008543543563, -34.62543309839464]]}}, {"type": "Feature", "properties": {"id": 9980, "nombre": "PADILLA", "tipo": "Ciclovías", "comuna": 15, "barrio": "Villa Crespo", "longitud_m": 62.78}, "geometry": {"type": "LineString", "coordinates": [[-58.43940872575851, -34.60348195699623], [-58.43977453487653, -34.60300371826226]]}}, {"type": "Feature", "properties": {"id": 7765, "nombre": "LOYOLA", "tipo": "Ciclovías", "comuna": 15, "barrio": "Villa Crespo", "longitud_m": 115.12}, "geometry": {"type": "LineString", "coordinates": [[-58.43704303837823, -34.594331404878545], [-58.43781201824601, -34.5935114135224]]}}, {"type": "Feature", "properties": {"id": 8992, "nombre": "CORRIENTES AV.", "tipo": "Ciclovías mano única", "comuna": 15, "barrio": "Villa Crespo", "longitud_m": 135.57}, "geometry": {"type": "LineString", "coordinates": [[-58.43876630249772, -34.599873894411886], [-58.438946636809945, -34.59973364666495], [-58.43976519593558, -34.598974147530036]]}}, {"type": "Feature", "properties": {"id": 13606, "nombre": "QUITO", "tipo": "Ciclovías", "comuna": 5, "barrio": "Almagro", "longitud_m": 136.96}, "geometry": {"type": "LineString", "coordinates": [[-58.425867677737536, -34.617013677596084], [-58.427143756913715, -34.61709040146683], [-58.42735713283207, -34.61710278861986]]}}, {"type": "Feature", "properties": {"id": 13152, "nombre": "LINIERS VIRREY", "tipo": "Ciclovías", "comuna": 5, "barrio": "Almagro", "longitud_m": 139.22}, "geometry": {"type": "LineString", "coordinates": [[-58.41453205089922, -34.61428822934522], [-58.41437177788323, -34.6155362095187]]}}, {"type": "Feature", "properties": {"id": 5983, "nombre": "DIAZ, CNEL. AV.", "tipo": "Ciclovías", "comuna": 14, "barrio": "Palermo", "longitud_m": 75.48}, "geometry": {"type": "LineString", "coordinates": [[-58.40804103537844, -34.586148832858065], [-58.40762853294531, -34.585560184258696]]}}, {"type": "Feature", "properties": {"id": 5669, "nombre": "BORGES, JORGE LUIS", "tipo": "Ciclovías", "comuna": 14, "barrio": "Palermo", "longitud_m": 149.43}, "geometry": {"type": "LineString", "coordinates": [[-58.424233870952264, -34.58466950050206], [-58.423067782243386, -34.583729104688246]]}}, {"type": "Feature", "properties": {"id": 15805, "nombre": "VALLE", "tipo": "Ciclovías", "comuna": 6, "barrio": "Caballito", "longitud_m": 125.51}, "geometry": {"type": "LineString", "coordinates": [[-58.43926310643043, -34.62485820334778], [-58.43954456644909, -34.624886286974984], [-58.440622192810146, -34.62499107073725]]}}, {"type": "Feature", "properties": {"id": 16063, "nombre": "VALLE", "tipo": "Ciclovías", "comuna": 6, "barrio": "Caballito", "longitud_m": 142.84}, "geometry": {"type": "LineString", "coordinates": [[-58.44604828562674, -34.62587612378878], [-58.4462850127551, -34.62596918625628], [-58.447482638589854, -34.62637745060587]]}}, {"type": "Feature", "properties": {"id": 8517, "nombre": "ESTADO DE ISRAEL AV.", "tipo": "Ciclovías mano única", "comuna": 15, "barrio": "Villa Crespo", "longitud_m": 11.65}, "geometry": {"type": "LineString", "coordinates": [[-58.42644130808698, -34.5978991432857], [-58.42656674539593, -34.59791530812657]]}}, {"type": "Feature", "properties": {"id": 4548, "nombre": "DEL LIBERTADOR AV.", "tipo": "Ciclovías", "comuna": 14, "barrio": "Palermo", "longitud_m": 75.84}, "geometry": {"type": "LineString", "coordinates": [[-58.40632678463618, -34.57916129752113], [-58.406916666815924, -34.578682383873414]]}}, {"type": "Feature", "properties": {"id": 12947, "nombre": "FRAGATA PRES. SARMIENTO", "tipo": "Ciclovías", "comuna": 6, "barrio": "Caballito", "longitud_m": 128.57}, "geometry": {"type": "LineString", "coordinates": [[-58.452708743475824, -34.614788157191114], [-58.4534289711329, -34.61379390870236]]}}, {"type": "Feature", "properties": {"id": 5476, "nombre": "DIAZ, CNEL. AV.", "tipo": "Ciclovías", "comuna": 14, "barrio": "Palermo", "longitud_m": 43.94}, "geometry": {"type": "LineString", "coordinates": [[-58.40640109845206, -34.58380824880417], [-58.40617526907558, -34.58345898207293]]}}, {"type": "Feature", "properties": {"id": 6706, "nombre": "MANSILLA, LUCIO NORBERTO, GENERAL", "tipo": "Ciclovías", "comuna": 14, "barrio": "Palermo", "longitud_m": 109.43}, "geometry": {"type": "LineString", "coordinates": [[-58.41702826773227, -34.58934262688601], [-58.41706047775097, -34.58930313137283], [-58.41791635294106, -34.58868647018103]]}}, {"type": "Feature", "properties": {"id": 4842, "nombre": "GODOY CRUZ", "tipo": "Ciclovías", "comuna": 14, "barrio": "Palermo", "longitud_m": 137.39}, "geometry": {"type": "LineString", "coordinates": [[-58.427074107812956, -34.58073241708142], [-58.426195771688576, -34.57972938795806]]}}, {"type": "Feature", "properties": {"id": 6589, "nombre": "GORRITI", "tipo": "Ciclovías", "comuna": 14, "barrio": "Palermo", "longitud_m": 109.67}, "geometry": {"type": "LineString", "coordinates": [[-58.43218696966454, -34.588761436919185], [-58.43313119735605, -34.588155254985246]]}}, {"type": "Feature", "properties": {"id": 5491, "nombre": "PALPA", "tipo": "Ciclovías mano única", "comuna": 15, "barrio": "Chacarita", "longitud_m": 86.36}, "geometry": {"type": "LineString", "coordinates": [[-58.455770486598475, -34.583194014828514], [-58.45620885280356, -34.58388285648226]]}}, {"type": "Feature", "properties": {"id": 1954, "nombre": "DE LOS OMBUES AV.", "tipo": "Ciclovías", "comuna": 14, "barrio": "Palermo", "longitud_m": 97.65}, "geometry": {"type": "LineString", "coordinates": [[-58.42735707975071, -34.55928354151012], [-58.42774956610355, -34.55972268024177], [-58.42791625039513, -34.55989477472233], [-58.428006104878406, -34.55998057727407]]}}, {"type": "Feature", "properties": {"id": 10921, "nombre": "POTOSI", "tipo": "Ciclovías", "comuna": 5, "barrio": "Almagro", "longitud_m": 137.67}, "geometry": {"type": "LineString", "coordinates": [[-58.42141499589534, -34.60726709896799], [-58.42160782620966, -34.607265756542176], [-58.42291589816364, -34.60726823879774]]}}, {"type": "Feature", "properties": {"id": 6616, "nombre": "HUMBOLDT", "tipo": "Ciclovías", "comuna": 15, "barrio": "Chacarita", "longitud_m": 127.09}, "geometry": {"type": "LineString", "coordinates": [[-58.44038514167382, -34.58890543719155], [-58.440045627572104, -34.58862712869878], [-58.43939052324503, -34.58810811982353]]}}, {"type": "Feature", "properties": {"id": 13947, "nombre": "LINIERS VIRREY", "tipo": "Ciclovías", "comuna": 5, "barrio": "Almagro", "longitud_m": 121.17}, "geometry": {"type": "LineString", "coordinates": [[-58.41420506715547, -34.6171486982755], [-58.41409428427015, -34.61823711795465]]}}, {"type": "Feature", "properties": {"id": 27861, "nombre": "SERRANO", "tipo": "Ciclovías", "comuna": 14, "barrio": "Palermo", "longitud_m": 54.38}, "geometry": {"type": "LineString", "coordinates": [[-58.43054045720114, -34.58895241781307], [-58.42995582604729, -34.588871835548886]]}}, {"type": "Feature", "properties": {"id": 9593, "nombre": "ESTADO DE ISRAEL AV.", "tipo": "Ciclovías mano única", "comuna": 15, "barrio": "Villa Crespo", "longitud_m": 51.22}, "geometry": {"type": "LineString", "coordinates": [[-58.43187435512363, -34.60169684916049], [-58.43220014722129, -34.60207186790503]]}}, {"type": "Feature", "properties": {"id": 7930, "nombre": "LOYOLA", "tipo": "Ciclovías", "comuna": 15, "barrio": "Villa Crespo", "longitud_m": 126.83}, "geometry": {"type": "LineString", "coordinates": [[-58.43619583965536, -34.59523482599103], [-58.43704303837823, -34.594331404878545]]}}, {"type": "Feature", "properties": {"id": 7233, "nombre": "ALVAREZ, JULIAN", "tipo": "Ciclovías", "comuna": 14, "barrio": "Palermo", "longitud_m": 264.77}, "geometry": {"type": "LineString", "coordinates": [[-58.422457081098976, -34.591599602921455], [-58.420244493936735, -34.590067196649265]]}}, {"type": "Feature", "properties": {"id": 8368, "nombre": "SERRANO", "tipo": "Ciclovías", "comuna": 15, "barrio": "Villa Crespo", "longitud_m": 140.97}, "geometry": {"type": "LineString", "coordinates": [[-58.44368628146836, -34.59724326406995], [-58.44259166170722, -34.59635137875842]]}}, {"type": "Feature", "properties": {"id": 6036, "nombre": "ALVAREZ, JULIAN", "tipo": "Ciclovías", "comuna": 14, "barrio": "Palermo", "longitud_m": 111.91}, "geometry": {"type": "LineString", "coordinates": [[-58.41406332764469, -34.58640395073148], [-58.413160796021856, -34.58572540225307]]}}, {"type": "Feature", "properties": {"id": 4977, "nombre": "DEL LIBERTADOR AV.", "tipo": "Ciclovías", "comuna": 14, "barrio": "Palermo", "longitud_m": 124.22}, "geometry": {"type": "LineString", "coordinates": [[-58.40367321558699, -34.58129246409665], [-58.40464765686781, -34.58051517538289]]}}, {"type": "Feature", "properties": {"id": 12510, "nombre": "RAWSON", "tipo": "Ciclovías", "comuna": 5, "barrio": "Almagro", "longitud_m": 132.7}, "geometry": {"type": "LineString", "coordinates": [[-58.42494026774466, -34.613196649820445], [-58.42494899944239, -34.6131020034191], [-58.425576008805564, -34.612130354906846]]}}, {"type": "Feature", "properties": {"id": 4846, "nombre": "SARMIENTO AV.", "tipo": "Ciclovías", "comuna": 14, "barrio": "Palermo", "longitud_m": 488.48}, "geometry": {"type": "LineString", "coordinates": [[-58.42058658574377, -34.58079398621544], [-58.4172704158941, -34.57734940180585]]}}, {"type": "Feature", "properties": {"id": 12237, "nombre": "OTAMENDI", "tipo": "Ciclovías", "comuna": 6, "barrio": "Caballito", "longitud_m": 76.08}, "geometry": {"type": "LineString", "coordinates": [[-58.43315685384591, -34.61212936481211], [-58.43322905826476, -34.61196452124719], [-58.43345000742639, -34.611487808473484]]}}, {"type": "Feature", "properties": {"id": 8474, "nombre": "CORDOBA AV.", "tipo": "Ciclovías mano única", "comuna": 14, "barrio": "Palermo", "longitud_m": 148.17}, "geometry": {"type": "LineString", "coordinates": [[-58.42016489935273, -34.597762647273626], [-58.4204348671173, -34.59775689724433], [-58.42177967769403, -34.597734404132424]]}}, {"type": "Feature", "properties": {"id": 13358, "nombre": "RIVADAVIA AV.", "tipo": "Ciclovías", "comuna": 6, "barrio": "Caballito", "longitud_m": 28.65}, "geometry": {"type": "LineString", "coordinates": [[-58.43136076109891, -34.61603804383375], [-58.43163610516542, -34.61616001858402]]}}, {"type": "Feature", "properties": {"id": 3689, "nombre": "ZAPATA", "tipo": "Ciclovías", "comuna": 14, "barrio": "Palermo", "longitud_m": 120.03}, "geometry": {"type": "LineString", "coordinates": [[-58.44068609061159, -34.57375309878597], [-58.44087164080878, -34.57362397552579], [-58.44170451565072, -34.57307418518735]]}}, {"type": "Feature", "properties": {"id": 12552, "nombre": "VALLESE, FELIPE", "tipo": "Ciclovías", "comuna": 6, "barrio": "Caballito", "longitud_m": 42.97}, "geometry": {"type": "LineString", "coordinates": [[-58.44576291336315, -34.61323606833672], [-58.446190731103115, -34.61339394809083]]}}, {"type": "Feature", "properties": {"id": 5779, "nombre": "FOREST AV.", "tipo": "Ciclovías mano única", "comuna": 15, "barrio": "Chacarita", "longitud_m": 102.07}, "geometry": {"type": "LineString", "coordinates": [[-58.453965732432245, -34.58518167270936], [-58.454184933789605, -34.58494027647889], [-58.45463359448491, -34.584445834201745]]}}, {"type": "Feature", "properties": {"id": 30207, "nombre": "PATRICIAS ARGENTINAS AV.", "tipo": "Ciclovías", "comuna": 6, "barrio": "Caballito", "longitud_m": 97.25}, "geometry": {"type": "LineString", "coordinates": [[-58.434240948464016, -34.60850091131017], [-58.43378264943848, -34.608279675879324], [-58.43368702131033, -34.60821965185785], [-58.43361489786304, -34.60816864769411], [-58.4335282163109, -34.60809975235844], [-58.43345209626351, -34.608031070815244], [-58.43340016808776, -34.607978926793955]]}}, {"type": "Feature", "properties": {"id": 16822, "nombre": "PUAN", "tipo": "Ciclovías", "comuna": 6, "barrio": "Caballito", "longitud_m": 131.78}, "geometry": {"type": "LineString", "coordinates": [[-58.447032953717155, -34.62747303742645], [-58.44657089804002, -34.62859784636182]]}}, {"type": "Feature", "properties": {"id": 9513, "nombre": "ACUÑA DE FIGUEROA, FRANCISCO", "tipo": "Ciclovías", "comuna": 5, "barrio": "Almagro", "longitud_m": 135.29}, "geometry": {"type": "LineString", "coordinates": [[-58.42238321273667, -34.60175051532912], [-58.42223028291771, -34.600653193683364], [-58.42221347636189, -34.60053910176583]]}}, {"type": "Feature", "properties": {"id": 10936, "nombre": "POTOSI", "tipo": "Ciclovías", "comuna": 5, "barrio": "Almagro", "longitud_m": 57.65}, "geometry": {"type": "LineString", "coordinates": [[-58.427036007901364, -34.60728143453273], [-58.42755342765416, -34.60728348866023], [-58.42766406977814, -34.607275211048375]]}}, {"type": "Feature", "properties": {"id": 8558, "nombre": "SERRANO", "tipo": "Ciclovías", "comuna": 15, "barrio": "Villa Crespo", "longitud_m": 129.64}, "geometry": {"type": "LineString", "coordinates": [[-58.44469347852934, -34.5980630123174], [-58.44458508601513, -34.5979755295654], [-58.44368628146836, -34.59724326406995]]}}, {"type": "Feature", "properties": {"id": 7613, "nombre": "CORDOBA AV.", "tipo": "Ciclovías mano única", "comuna": 14, "barrio": "Palermo", "longitud_m": 134.14}, "geometry": {"type": "LineString", "coordinates": [[-58.43122119889041, -34.59353936648627], [-58.432360384273395, -34.59278133816233]]}}, {"type": "Feature", "properties": {"id": 12516, "nombre": "VALLESE, FELIPE", "tipo": "Ciclovías", "comuna": 6, "barrio": "Caballito", "longitud_m": 101.49}, "geometry": {"type": "LineString", "coordinates": [[-58.44475014128691, -34.6128675333392], [-58.44576291336315, -34.61323606833672]]}}, {"type": "Feature", "properties": {"id": 6280, "nombre": "GORRITI", "tipo": "Ciclovías", "comuna": 14, "barrio": "Palermo", "longitud_m": 91.53}, "geometry": {"type": "LineString", "coordinates": [[-58.4339478726429, -34.58749509046104], [-58.43448013560953, -34.58706478720257], [-58.43466045179697, -34.586917643953846]]}}, {"type": "Feature", "properties": {"id": 30208, "nombre": "ESTIVAO", "tipo": "Ciclovías", "comuna": 6, "barrio": "Caballito", "longitud_m": 22.03}, "geometry": {"type": "LineString", "coordinates": [[-58.4331712921892, -34.60803907131889], [-58.43340016808776, -34.607978926793955]]}}, {"type": "Feature", "properties": {"id": 11275, "nombre": "TRES ARROYOS", "tipo": "Ciclovías", "comuna": 6, "barrio": "Caballito", "longitud_m": 126.41}, "geometry": {"type": "LineString", "coordinates": [[-58.458944849278694, -34.60811077190272], [-58.45907056153058, -34.60817105887201], [-58.46014210439824, -34.6086751829582]]}}, {"type": "Feature", "properties": {"id": 11715, "nombre": "RAWSON", "tipo": "Ciclovías", "comuna": 5, "barrio": "Almagro", "longitud_m": 183.6}, "geometry": {"type": "LineString", "coordinates": [[-58.42602613043422, -34.61031222904598], [-58.426238866484745, -34.60884994958774], [-58.42624882750203, -34.608667907805014]]}}, {"type": "Feature", "properties": {"id": 30741, "nombre": "FIGUEROA ALCORTA, PRES. AV.", "tipo": "Ciclovías", "comuna": 14, "barrio": "Palermo", "longitud_m": 54.07}, "geometry": {"type": "LineString", "coordinates": [[-58.41122192824616, -34.57200854892337], [-58.41155676274892, -34.571913050714464], [-58.41178332344347, -34.57186125448317]]}}, {"type": "Feature", "properties": {"id": 7355, "nombre": "SERRANO", "tipo": "Ciclovías", "comuna": 15, "barrio": "Villa Crespo", "longitud_m": 140.84}, "geometry": {"type": "LineString", "coordinates": [[-58.43560847985717, -34.59219267195113], [-58.434364853669535, -34.59144835678917]]}}, {"type": "Feature", "properties": {"id": 3878, "nombre": "CASARES AV.", "tipo": "Ciclovías", "comuna": 14, "barrio": "Palermo", "longitud_m": 67.76}, "geometry": {"type": "LineString", "coordinates": [[-58.40799842233405, -34.57502156449624], [-58.40781490627375, -34.574827111222895], [-58.40760925484662, -34.5745051802867]]}}, {"type": "Feature", "properties": {"id": 6983, "nombre": "LOYOLA", "tipo": "Ciclovías", "comuna": 15, "barrio": "Villa Crespo", "longitud_m": 105.4}, "geometry": {"type": "LineString", "coordinates": [[-58.440671771778305, -34.590461714663526], [-58.44108923469626, -34.5900165020364], [-58.44137585984784, -34.58971098523051]]}}, {"type": "Feature", "properties": {"id": 9488, "nombre": "TRES ARROYOS", "tipo": "Ciclovías", "comuna": 15, "barrio": "Villa Crespo", "longitud_m": 112.95}, "geometry": {"type": "LineString", "coordinates": [[-58.44666592876025, -34.60107038632843], [-58.44750743696378, -34.60159909779035], [-58.44764624167117, -34.601686511377096]]}}, {"type": "Feature", "properties": {"id": 9805, "nombre": "JUSTO, JUAN B. AV.", "tipo": "Ciclovías", "comuna": 15, "barrio": "Villa Crespo", "longitud_m": 7.94}, "geometry": {"type": "LineString", "coordinates": [[-58.45595327804051, -34.60277266290618], [-58.45602030092345, -34.602818019720274]]}}, {"type": "Feature", "properties": {"id": 8500, "nombre": "ESTADO DE ISRAEL AV.", "tipo": "Ciclovías mano única", "comuna": 15, "barrio": "Villa Crespo", "longitud_m": 146.69}, "geometry": {"type": "LineString", "coordinates": [[-58.42336930425086, -34.59774487338942], [-58.42375684270571, -34.59782442638843], [-58.42495609534066, -34.59785129050779]]}}, {"type": "Feature", "properties": {"id": 12054, "nombre": "OTAMENDI", "tipo": "Ciclovías", "comuna": 6, "barrio": "Caballito", "longitud_m": 77.04}, "geometry": {"type": "LineString", "coordinates": [[-58.43345000742639, -34.611487808473484], [-58.433750484078665, -34.61083928120862]]}}, {"type": "Feature", "properties": {"id": 28164, "nombre": "PATRICIAS ARGENTINAS AV.", "tipo": "Ciclovías", "comuna": 6, "barrio": "Caballito", "longitud_m": 16.87}, "geometry": {"type": "LineString", "coordinates": [[-58.43287775082188, -34.60650376330095], [-58.43290581244917, -34.60635344714706]]}}, {"type": "Feature", "properties": {"id": 7985, "nombre": "ALVAREZ, JULIAN", "tipo": "Ciclovías", "comuna": 14, "barrio": "Palermo", "longitud_m": 86.1}, "geometry": {"type": "LineString", "coordinates": [[-58.42809080557664, -34.59551459215837], [-58.42737303595698, -34.59501458608686]]}}, {"type": "Feature", "properties": {"id": 7375, "nombre": "MANSILLA, LUCIO NORBERTO, GENERAL", "tipo": "Ciclovías", "comuna": 14, "barrio": "Palermo", "longitud_m": 105.87}, "geometry": {"type": "LineString", "coordinates": [[-58.41288041591801, -34.59231927355084], [-58.413648520468946, -34.59176380453941], [-58.4137492183116, -34.59169116819227]]}}, {"type": "Feature", "properties": {"id": 3817, "nombre": "BULLRICH, INT. AV.", "tipo": "Ciclovías", "comuna": 14, "barrio": "Palermo", "longitud_m": 408.45}, "geometry": {"type": "LineString", "coordinates": [[-58.42324699857255, -34.57116828888843], [-58.42485564408486, -34.57428126263498], [-58.4249896110082, -34.574556239745846]]}}, {"type": "Feature", "properties": {"id": 7351, "nombre": "GORRITI", "tipo": "Ciclovías", "comuna": 14, "barrio": "Palermo", "longitud_m": 135.74}, "geometry": {"type": "LineString", "coordinates": [[-58.426866807928675, -34.592178755305], [-58.42803530472583, -34.5914282408545]]}}, {"type": "Feature", "properties": {"id": 7610, "nombre": "LOYOLA", "tipo": "Ciclovías", "comuna": 15, "barrio": "Villa Crespo", "longitud_m": 115.92}, "geometry": {"type": "LineString", "coordinates": [[-58.43781201824601, -34.5935114135224], [-58.43858634959514, -34.59268571396925]]}}, {"type": "Feature", "properties": {"id": 7185, "nombre": "GORRITI", "tipo": "Ciclovías", "comuna": 14, "barrio": "Palermo", "longitud_m": 133.81}, "geometry": {"type": "LineString", "coordinates": [[-58.42803530472583, -34.5914282408545], [-58.42918717090893, -34.590688344452104]]}}, {"type": "Feature", "properties": {"id": 2579, "nombre": "FIGUEROA ALCORTA, PRES. AV.", "tipo": "Ciclovías", "comuna": 14, "barrio": "Palermo", "longitud_m": 279.64}, "geometry": {"type": "LineString", "coordinates": [[-58.42008769057804, -34.56539579027669], [-58.421638424103904, -34.56473895517714], [-58.42204884303202, -34.56453951283778], [-58.42233241851708, -34.564340660426915], [-58.422565703128846, -34.564098338946955], [-58.422602252979644, -34.5640369413732]]}}, {"type": "Feature", "properties": {"id": 9411, "nombre": "ALVAREZ, JULIAN", "tipo": "Ciclovías", "comuna": 15, "barrio": "Villa Crespo", "longitud_m": 123.8}, "geometry": {"type": "LineString", "coordinates": [[-58.437289666495396, -34.60140931647337], [-58.43622352344329, -34.600725130398416]]}}, {"type": "Feature", "properties": {"id": 1181, "nombre": "OBLIGADO RAFAEL, AV.COSTANERA", "tipo": "Ciclovías", "comuna": 14, "barrio": "Palermo", "longitud_m": 242.55}, "geometry": {"type": "LineString", "coordinates": [[-58.423581303412654, -34.55312666849527], [-58.42411112989359, -34.552946904799974], [-58.424811424024725, -34.55273261668147], [-58.42602614493797, -34.55229840596255]]}}, {"type": "Feature", "properties": {"id": 2811, "nombre": "SARMIENTO AV.", "tipo": "Ciclovías", "comuna": 14, "barrio": "Palermo", "longitud_m": 287.43}, "geometry": {"type": "LineString", "coordinates": [[-58.405163250279564, -34.56711922409597], [-58.40476604457388, -34.5673145426658], [-58.40401091730255, -34.56760064752011], [-58.40324893716321, -34.56777788600028], [-58.40244545229156, -34.56788061702953], [-58.40221465335012, -34.567916690783704]]}}, {"type": "Feature", "properties": {"id": 8361, "nombre": "CORRIENTES AV.", "tipo": "Ciclovías mano única", "comuna": 15, "barrio": "Villa Crespo", "longitud_m": 129.37}, "geometry": {"type": "LineString", "coordinates": [[-58.44165347296987, -34.59722200456786], [-58.44259166170722, -34.59635137875842]]}}, {"type": "Feature", "properties": {"id": 5136, "nombre": "DEL LIBERTADOR AV.", "tipo": "Ciclovías", "comuna": 14, "barrio": "Palermo", "longitud_m": 12.04}, "geometry": {"type": "LineString", "coordinates": [[-58.40153456772427, -34.58204535805431], [-58.40165686701603, -34.58200591211915]]}}, {"type": "Feature", "properties": {"id": 9820, "nombre": "CORRIENTES AV.", "tipo": "Ciclovías mano única", "comuna": 5, "barrio": "Almagro", "longitud_m": 142.42}, "geometry": {"type": "LineString", "coordinates": [[-58.424104927026704, -34.60286187193771], [-58.42484225675542, -34.602788654754264], [-58.425646529667695, -34.602709115667004]]}}, {"type": "Feature", "properties": {"id": 8897, "nombre": "LOYOLA", "tipo": "Ciclovías", "comuna": 15, "barrio": "Villa Crespo", "longitud_m": 117.37}, "geometry": {"type": "LineString", "coordinates": [[-58.432212093835126, -34.59949521162763], [-58.43299471593525, -34.598658212304855]]}}, {"type": "Feature", "properties": {"id": 12428, "nombre": "VALLESE, FELIPE", "tipo": "Ciclovías", "comuna": 6, "barrio": "Caballito", "longitud_m": 148.64}, "geometry": {"type": "LineString", "coordinates": [[-58.44328087424929, -34.61230222306791], [-58.44461957435781, -34.612819836721016], [-58.44475014128691, -34.6128675333392]]}}, {"type": "Feature", "properties": {"id": 5576, "nombre": "FOREST AV.", "tipo": "Ciclovías mano única", "comuna": 15, "barrio": "Chacarita", "longitud_m": 143.83}, "geometry": {"type": "LineString", "coordinates": [[-58.4548289050093, -34.584230591727085], [-58.45507160489468, -34.58396306825878], [-58.455770486598475, -34.583194014828514]]}}, {"type": "Feature", "properties": {"id": 29087, "nombre": "SARMIENTO AV.", "tipo": "Ciclovías", "comuna": 14, "barrio": "Palermo", "longitud_m": 242.49}, "geometry": {"type": "LineString", "coordinates": [[-58.409458451651155, -34.56900889159826], [-58.4086206265595, -34.568118396362], [-58.40822535869532, -34.56768624277653], [-58.4079930867959, -34.56739309864973], [-58.407862748355534, -34.567268177780505]]}}, {"type": "Feature", "properties": {"id": 28103, "nombre": "DE LOS OMBUES AV.", "tipo": "Ciclovías", "comuna": 14, "barrio": "Palermo", "longitud_m": 54.61}, "geometry": {"type": "LineString", "coordinates": [[-58.431087645154236, -34.561160610096856], [-58.431292789838196, -34.56162271640699]]}}, {"type": "Feature", "properties": {"id": 3509, "nombre": "DEL LIBERTADOR AV.", "tipo": "Ciclovías", "comuna": 14, "barrio": "Palermo", "longitud_m": 124.87}, "geometry": {"type": "LineString", "coordinates": [[-58.420550492861885, -34.572364088524864], [-58.42174360958081, -34.5718228699623]]}}, {"type": "Feature", "properties": {"id": 7964, "nombre": "SERRANO", "tipo": "Ciclovías", "comuna": 15, "barrio": "Villa Crespo", "longitud_m": 116.34}, "geometry": {"type": "LineString", "coordinates": [[-58.44104853029583, -34.59544834602274], [-58.440021160704774, -34.59483349643978]]}}, {"type": "Feature", "properties": {"id": 7938, "nombre": "GORRITI", "tipo": "Ciclovías", "comuna": 14, "barrio": "Palermo", "longitud_m": 79.47}, "geometry": {"type": "LineString", "coordinates": [[-58.42301221568521, -34.595300200782845], [-58.42363786537834, -34.594804763864644]]}}, {"type": "Feature", "properties": {"id": 5714, "nombre": "NEWBERY, JORGE AV.", "tipo": "Ciclovías", "comuna": 15, "barrio": "Chacarita", "longitud_m": 121.35}, "geometry": {"type": "LineString", "coordinates": [[-58.44921733911666, -34.583829784262846], [-58.44955469240659, -34.584887517945035]]}}, {"type": "Feature", "properties": {"id": 8382, "nombre": "ALVAREZ, JULIAN", "tipo": "Ciclovías", "comuna": 15, "barrio": "Villa Crespo", "longitud_m": 123.69}, "geometry": {"type": "LineString", "coordinates": [[-58.43083781097973, -34.59727686105473], [-58.430218756299276, -34.59687943493157], [-58.429772624979876, -34.596593322670365]]}}, {"type": "Feature", "properties": {"id": 7295, "nombre": "DIAZ, CNEL. AV.", "tipo": "Ciclovías", "comuna": 14, "barrio": "Palermo", "longitud_m": 11.44}, "geometry": {"type": "LineString", "coordinates": [[-58.412465486326106, -34.591834656693905], [-58.41239341024797, -34.591750470308284]]}}, {"type": "Feature", "properties": {"id": 15774, "nombre": "VALLE", "tipo": "Ciclovías", "comuna": 6, "barrio": "Caballito", "longitud_m": 84.55}, "geometry": {"type": "LineString", "coordinates": [[-58.43834810773423, -34.62476484953315], [-58.43926310643043, -34.62485820334778]]}}, {"type": "Feature", "properties": {"id": 14674, "nombre": "DOBLAS", "tipo": "Ciclovías", "comuna": 6, "barrio": "Caballito", "longitud_m": 121.95}, "geometry": {"type": "LineString", "coordinates": [[-58.43131032071288, -34.61984688118798], [-58.4311256252006, -34.62076747760053], [-58.431092765326504, -34.620931344144616]]}}, {"type": "Feature", "properties": {"id": 5224, "nombre": "GORRITI", "tipo": "Ciclovías", "comuna": 14, "barrio": "Palermo", "longitud_m": 129.55}, "geometry": {"type": "LineString", "coordinates": [[-58.44033025792441, -34.58257010236521], [-58.44137734483559, -34.581786759342485]]}}, {"type": "Feature", "properties": {"id": 11547, "nombre": "FRAGATA PRES. SARMIENTO", "tipo": "Ciclovías", "comuna": 6, "barrio": "Caballito", "longitud_m": 97.21}, "geometry": {"type": "LineString", "coordinates": [[-58.456353925951944, -34.60969370236871], [-58.45688734745262, -34.6089364674384]]}}, {"type": "Feature", "properties": {"id": 6806, "nombre": "SERRANO", "tipo": "Ciclovías", "comuna": 14, "barrio": "Palermo", "longitud_m": 59.05}, "geometry": {"type": "LineString", "coordinates": [[-58.431714943659074, -34.58971893783995], [-58.43120968026304, -34.589389222885096]]}}, {"type": "Feature", "properties": {"id": 7071, "nombre": "SERRANO", "tipo": "Ciclovías", "comuna": 14, "barrio": "Palermo", "longitud_m": 147.67}, "geometry": {"type": "LineString", "coordinates": [[-58.433434656852434, -34.59084129140911], [-58.43217108881046, -34.59001666578797]]}}, {"type": "Feature", "properties": {"id": 8327, "nombre": "CORDOBA AV.", "tipo": "Ciclovías mano única", "comuna": 14, "barrio": "Palermo", "longitud_m": 142.03}, "geometry": {"type": "LineString", "coordinates": [[-58.424844981666965, -34.59706138383529], [-58.42602603365068, -34.596613574130856], [-58.426242133073345, -34.596511384787114]]}}, {"type": "Feature", "properties": {"id": 11707, "nombre": "JAURETCHE, ARTURO", "tipo": "Ciclovías", "comuna": 6, "barrio": "Caballito", "longitud_m": 146.23}, "geometry": {"type": "LineString", "coordinates": [[-58.434278544430825, -34.60969967391037], [-58.43570008127743, -34.61029635006454]]}}, {"type": "Feature", "properties": {"id": 13706, "nombre": "EL MAESTRO", "tipo": "Ciclovías", "comuna": 6, "barrio": "Caballito", "longitud_m": 160.21}, "geometry": {"type": "LineString", "coordinates": [[-58.43136076109891, -34.61603804383375], [-58.43090830053474, -34.61729899694923], [-58.43087324173218, -34.61742462302518]]}}, {"type": "Feature", "properties": {"id": 7020, "nombre": "GORRITI", "tipo": "Ciclovías", "comuna": 14, "barrio": "Palermo", "longitud_m": 123.75}, "geometry": {"type": "LineString", "coordinates": [[-58.42918717090893, -34.590688344452104], [-58.43025247775376, -34.59000404842814]]}}, {"type": "Feature", "properties": {"id": 3665, "nombre": "DEL LIBERTADOR AV.", "tipo": "Ciclovías", "comuna": 14, "barrio": "Palermo", "longitud_m": 131.22}, "geometry": {"type": "LineString", "coordinates": [[-58.41795165995246, -34.573537962811685], [-58.41817571432223, -34.5734322691019], [-58.419206888571416, -34.572971510028445]]}}, {"type": "Feature", "properties": {"id": 3905, "nombre": "CASARES AV.", "tipo": "Ciclovías", "comuna": 14, "barrio": "Palermo", "longitud_m": 32.74}, "geometry": {"type": "LineString", "coordinates": [[-58.408217928027604, -34.575254203491305], [-58.40799842233405, -34.57502156449624]]}}, {"type": "Feature", "properties": {"id": 6827, "nombre": "MANSILLA, LUCIO NORBERTO, GENERAL", "tipo": "Ciclovías", "comuna": 14, "barrio": "Palermo", "longitud_m": 33.38}, "geometry": {"type": "LineString", "coordinates": [[-58.41648616278501, -34.58972894775912], [-58.41667468568027, -34.58967891306969], [-58.41681438554538, -34.58960501489865]]}}, {"type": "Feature", "properties": {"id": 33121, "nombre": "OBLIGADO RAFAEL, AV.COSTANERA", "tipo": "Ciclovías", "comuna": 14, "barrio": "Palermo", "longitud_m": 168.96}, "geometry": {"type": "LineString", "coordinates": [[-58.40750729573488, -34.56057812395818], [-58.4075840850237, -34.560421224135574], [-58.408609926346195, -34.55936655116247]]}}, {"type": "Feature", "properties": {"id": 10938, "nombre": "POTOSI", "tipo": "Ciclovías", "comuna": 5, "barrio": "Almagro", "longitud_m": 119.04}, "geometry": {"type": "LineString", "coordinates": [[-58.41866690779988, -34.60728612490446], [-58.41996459491787, -34.60727715596508]]}}, {"type": "Feature", "properties": {"id": 3582, "nombre": "DEL LIBERTADOR AV.", "tipo": "Ciclovías", "comuna": 14, "barrio": "Palermo", "longitud_m": 85.47}, "geometry": {"type": "LineString", "coordinates": [[-58.419206888571416, -34.572971510028445], [-58.41950246875528, -34.57283943071151], [-58.42002456626653, -34.57260264036872]]}}, {"type": "Feature", "properties": {"id": 2722, "nombre": "DEL LIBERTADOR AV.", "tipo": "Ciclovías", "comuna": 14, "barrio": "Palermo", "longitud_m": 115.12}, "geometry": {"type": "LineString", "coordinates": [[-58.43122892541139, -34.56677611977437], [-58.43224722995798, -34.5661701027001]]}}, {"type": "Feature", "properties": {"id": 7609, "nombre": "SERRANO", "tipo": "Ciclovías", "comuna": 15, "barrio": "Villa Crespo", "longitud_m": 125.05}, "geometry": {"type": "LineString", "coordinates": [[-58.43781201824601, -34.5935114135224], [-58.43670772866236, -34.59285060350887]]}}, {"type": "Feature", "properties": {"id": 33053, "nombre": "OLLEROS AV.", "tipo": "Ciclovías", "comuna": 14, "barrio": "Palermo", "longitud_m": 31.9}, "geometry": {"type": "LineString", "coordinates": [[-58.43628977317185, -34.56342647564485], [-58.436309159919944, -34.56350677842675], [-58.43640910943142, -34.563695071770404]]}}, {"type": "Feature", "properties": {"id": 11064, "nombre": "ESTIVAO", "tipo": "Ciclovías", "comuna": 6, "barrio": "Caballito", "longitud_m": 79.04}, "geometry": {"type": "LineString", "coordinates": [[-58.43158549542277, -34.60745636637631], [-58.4323552490327, -34.607776639016095]]}}, {"type": "Feature", "properties": {"id": 9103, "nombre": "CORRIENTES AV.", "tipo": "Ciclovías mano única", "comuna": 15, "barrio": "Villa Crespo", "longitud_m": 115.26}, "geometry": {"type": "LineString", "coordinates": [[-58.43760172735821, -34.60026380159824], [-58.43876630249772, -34.599873894411886]]}}, {"type": "Feature", "properties": {"id": 6080, "nombre": "ROSETI", "tipo": "Ciclovías", "comuna": 15, "barrio": "Chacarita", "longitud_m": 211.78}, "geometry": {"type": "LineString", "coordinates": [[-58.44540320789139, -34.586624405213804], [-58.44746453700283, -34.58576537900431]]}}, {"type": "Feature", "properties": {"id": 9986, "nombre": "CORRIENTES AV.", "tipo": "Ciclovías mano única", "comuna": 5, "barrio": "Almagro", "longitud_m": 136.63}, "geometry": {"type": "LineString", "coordinates": [[-58.41803393618888, -34.6034683009398], [-58.419512449510705, -34.60331947206896]]}}, {"type": "Feature", "properties": {"id": 9281, "nombre": "GURRUCHAGA", "tipo": "Ciclovías", "comuna": 15, "barrio": "Villa Crespo", "longitud_m": 51.24}, "geometry": {"type": "LineString", "coordinates": [[-58.44615088121369, -34.60089953775511], [-58.445753737126225, -34.600574687553966]]}}, {"type": "Feature", "properties": {"id": 12167, "nombre": "VALLESE, FELIPE", "tipo": "Ciclovías", "comuna": 6, "barrio": "Caballito", "longitud_m": 101.6}, "geometry": {"type": "LineString", "coordinates": [[-58.44113547846408, -34.61147747478822], [-58.4421405405283, -34.61186242574596]]}}, {"type": "Feature", "properties": {"id": 9750, "nombre": "GALLARDO, ANGEL AV.", "tipo": "Ciclovías mano única", "comuna": 15, "barrio": "Villa Crespo", "longitud_m": 104.1}, "geometry": {"type": "LineString", "coordinates": [[-58.43220014722129, -34.60207186790503], [-58.43224228195073, -34.60213321759463], [-58.43314344211265, -34.60257802782761]]}}, {"type": "Feature", "properties": {"id": 12697, "nombre": "VALLESE, FELIPE", "tipo": "Ciclovías", "comuna": 6, "barrio": "Caballito", "longitud_m": 100.59}, "geometry": {"type": "LineString", "coordinates": [[-58.44645680868792, -34.61349116950857], [-58.4465906142632, -34.6135400617982], [-58.44744139586257, -34.61389032085099]]}}, {"type": "Feature", "properties": {"id": 13419, "nombre": "RIVADAVIA AV.", "tipo": "Ciclovías", "comuna": 6, "barrio": "Caballito", "longitud_m": 60.01}, "geometry": {"type": "LineString", "coordinates": [[-58.43163610516542, -34.61616001858402], [-58.43221277169429, -34.61641566312665]]}}, {"type": "Feature", "properties": {"id": 8860, "nombre": "ALVAREZ, JULIAN", "tipo": "Ciclovías", "comuna": 15, "barrio": "Villa Crespo", "longitud_m": 125.0}, "geometry": {"type": "LineString", "coordinates": [[-58.43407349407374, -34.59934658483214], [-58.43299471593525, -34.598658212304855]]}}, {"type": "Feature", "properties": {"id": 6570, "nombre": "ALVAREZ, JULIAN", "tipo": "Ciclovías", "comuna": 14, "barrio": "Palermo", "longitud_m": 95.59}, "geometry": {"type": "LineString", "coordinates": [[-58.41791635294106, -34.58868647018103], [-58.41706918675313, -34.588184805476075]]}}, {"type": "Feature", "properties": {"id": 10312, "nombre": "TRES ARROYOS", "tipo": "Ciclovías", "comuna": 15, "barrio": "Villa Crespo", "longitud_m": 112.84}, "geometry": {"type": "LineString", "coordinates": [[-58.451585012285705, -34.60415304659565], [-58.452569316333076, -34.60476307574261]]}}, {"type": "Feature", "properties": {"id": 7974, "nombre": "GORRITI", "tipo": "Ciclovías", "comuna": 14, "barrio": "Palermo", "longitud_m": 114.51}, "geometry": {"type": "LineString", "coordinates": [[-58.418534247038004, -34.59547061483575], [-58.41978110023325, -34.59542317777067]]}}, {"type": "Feature", "properties": {"id": 4848, "nombre": "FOREST AV.", "tipo": "Ciclovías mano única", "comuna": 15, "barrio": "Chacarita", "longitud_m": 140.25}, "geometry": {"type": "LineString", "coordinates": [[-58.45798345627967, -34.58075577626799], [-58.45890256524849, -34.57974565300049]]}}, {"type": "Feature", "properties": {"id": 9771, "nombre": "GALLARDO, ANGEL AV.", "tipo": "Ciclovías mano única", "comuna": 15, "barrio": "Villa Crespo", "longitud_m": 20.54}, "geometry": {"type": "LineString", "coordinates": [[-58.43314344211265, -34.60257802782761], [-58.43333571585996, -34.602672865357576]]}}, {"type": "Feature", "properties": {"id": 11241, "nombre": "PATRICIAS ARGENTINAS AV.", "tipo": "Ciclovías", "comuna": 6, "barrio": "Caballito", "longitud_m": 48.53}, "geometry": {"type": "LineString", "coordinates": [[-58.43340016808776, -34.607978926793955], [-58.433375212843295, -34.6079538677889], [-58.43330837900976, -34.60787927285476], [-58.43319625583814, -34.60774262358123], [-58.433165778528895, -34.60770254506491], [-58.43310738174675, -34.60761527586424]]}}, {"type": "Feature", "properties": {"id": 8187, "nombre": "ACUÑA DE FIGUEROA, FRANCISCO", "tipo": "Ciclovías", "comuna": 14, "barrio": "Palermo", "longitud_m": 119.87}, "geometry": {"type": "LineString", "coordinates": [[-58.42151692306705, -34.59643112466026], [-58.42130200202617, -34.595365329462496]]}}, {"type": "Feature", "properties": {"id": 9099, "nombre": "TUCUMAN", "tipo": "Ciclovías", "comuna": 5, "barrio": "Almagro", "longitud_m": 136.37}, "geometry": {"type": "LineString", "coordinates": [[-58.412281432475034, -34.60024288396286], [-58.41343785632671, -34.60000927388917], [-58.41372141148655, -34.599938754538286]]}}, {"type": "Feature", "properties": {"id": 16226, "nombre": "RIGLOS", "tipo": "Ciclovías", "comuna": 6, "barrio": "Caballito", "longitud_m": 60.68}, "geometry": {"type": "LineString", "coordinates": [[-58.436200410953646, -34.62598926433341], [-58.43605234471473, -34.62652233590094]]}}, {"type": "Feature", "properties": {"id": 10587, "nombre": "TRES ARROYOS", "tipo": "Ciclovías", "comuna": 6, "barrio": "Caballito", "longitud_m": 51.62}, "geometry": {"type": "LineString", "coordinates": [[-58.45400253578432, -34.605651234585196], [-58.45446762394179, -34.605913174369846]]}}, {"type": "Feature", "properties": {"id": 4153, "nombre": "DEL LIBERTADOR AV.", "tipo": "Ciclovías", "comuna": 14, "barrio": "Palermo", "longitud_m": 84.47}, "geometry": {"type": "LineString", "coordinates": [[-58.41094184667112, -34.57679979840107], [-58.41174971969044, -34.57643471269888]]}}, {"type": "Feature", "properties": {"id": 30698, "nombre": "FIGUEROA ALCORTA, PRES. AV.", "tipo": "Ciclovías", "comuna": 14, "barrio": "Palermo", "longitud_m": 13.34}, "geometry": {"type": "LineString", "coordinates": [[-58.427252348409404, -34.55936692695386], [-58.42735707975071, -34.55928354151012]]}}, {"type": "Feature", "properties": {"id": 7247, "nombre": "ALVAREZ, JULIAN", "tipo": "Ciclovías", "comuna": 14, "barrio": "Palermo", "longitud_m": 10.59}, "geometry": {"type": "LineString", "coordinates": [[-58.422545443177555, -34.59166097152394], [-58.422457081098976, -34.591599602921455]]}}, {"type": "Feature", "properties": {"id": 2721, "nombre": "FIGUEROA ALCORTA, PRES. AV.", "tipo": "Ciclovías", "comuna": 14, "barrio": "Palermo", "longitud_m": 218.52}, "geometry": {"type": "LineString", "coordinates": [[-58.41796079949435, -34.56673874325249], [-58.41840632559824, -34.56651179047784], [-58.41849539742072, -34.566464639114095], [-58.41854853441138, -34.5664355734881], [-58.418603545515076, -34.56640411410858], [-58.4186479980399, -34.56637708755533], [-58.4187042036368, -34.56634048761408], [-58.41880622717785, -34.56627031210015], [-58.4188573246325, -34.56623406234583], [-58.418923326073944, -34.56618605717811], [-58.41896531192202, -34.566154663322564], [-58.41900678714453, -34.56612291714705], [-58.41907534522224, -34.5660694197505], [-58.419178140129894, -34.565988187631014], [-58.41923000576057, -34.565947501283375], [-58.419282126693325, -34.56590688542947], [-58.41935017304563, -34.565854514476314], [-58.419452369923945, -34.565776310140414], [-58.41950389392153, -34.56573724330464], [-58.419555758315916, -34.56569831741689], [-58.41960804783142, -34.56566030717126], [-58.41969329341179, -34.56560132232094], [-58.41982979340612, -34.56552974977226]]}}, {"type": "Feature", "properties": {"id": 11270, "nombre": "RAWSON", "tipo": "Ciclovías", "comuna": 5, "barrio": "Almagro", "longitud_m": 154.37}, "geometry": {"type": "LineString", "coordinates": [[-58.42624882750203, -34.608667907805014], [-58.426256383792705, -34.60853051380159], [-58.426181988542865, -34.607278079073865]]}}, {"type": "Feature", "properties": {"id": 12581, "nombre": "VALLESE, FELIPE", "tipo": "Ciclovías", "comuna": 6, "barrio": "Caballito", "longitud_m": 26.68}, "geometry": {"type": "LineString", "coordinates": [[-58.446190731103115, -34.61339394809083], [-58.44645680868792, -34.61349116950857]]}}, {"type": "Feature", "properties": {"id": 2458, "nombre": "GARCIA, TEODORO", "tipo": "Ciclovías", "comuna": 14, "barrio": "Palermo", "longitud_m": 99.79}, "geometry": {"type": "LineString", "coordinates": [[-58.44060065043184, -34.563900273707986], [-58.44126939824819, -34.564609566341446]]}}, {"type": "Feature", "properties": {"id": 2702, "nombre": "GARCIA, TEODORO", "tipo": "Ciclovías", "comuna": 14, "barrio": "Palermo", "longitud_m": 108.55}, "geometry": {"type": "LineString", "coordinates": [[-58.44235464955645, -34.56584041733289], [-58.44305175659102, -34.5666309037354]]}}, {"type": "Feature", "properties": {"id": 8888, "nombre": "BILLINGHURST", "tipo": "Ciclovías", "comuna": 5, "barrio": "Almagro", "longitud_m": 174.0}, "geometry": {"type": "LineString", "coordinates": [[-58.41490616498601, -34.5994491521592], [-58.41463028672758, -34.59789739844581]]}}, {"type": "Feature", "properties": {"id": 14126, "nombre": "FRAGATA PRES. SARMIENTO", "tipo": "Ciclovías", "comuna": 6, "barrio": "Caballito", "longitud_m": 121.09}, "geometry": {"type": "LineString", "coordinates": [[-58.450230649908065, -34.618867053474524], [-58.450701848172535, -34.618000261221276], [-58.45078457947676, -34.61787674705555]]}}, {"type": "Feature", "properties": {"id": 16188, "nombre": "PUAN", "tipo": "Ciclovías", "comuna": 6, "barrio": "Caballito", "longitud_m": 115.63}, "geometry": {"type": "LineString", "coordinates": [[-58.44788671469813, -34.6253900968396], [-58.447482638589854, -34.62637745060587]]}}, {"type": "Feature", "properties": {"id": 5077, "nombre": "DEL LIBERTADOR AV.", "tipo": "Ciclovías", "comuna": 14, "barrio": "Palermo", "longitud_m": 120.34}, "geometry": {"type": "LineString", "coordinates": [[-58.40249030470685, -34.581737029500296], [-58.40319735135772, -34.581508924823034], [-58.4035406533876, -34.58139817586039], [-58.40367321558699, -34.58129246409665]]}}, {"type": "Feature", "properties": {"id": 9334, "nombre": "TRES ARROYOS", "tipo": "Ciclovías", "comuna": 15, "barrio": "Villa Crespo", "longitud_m": 40.94}, "geometry": {"type": "LineString", "coordinates": [[-58.446310577396844, -34.60084716492229], [-58.44666592876025, -34.60107038632843]]}}, {"type": "Feature", "properties": {"id": 11133, "nombre": "TRES ARROYOS", "tipo": "Ciclovías", "comuna": 6, "barrio": "Caballito", "longitud_m": 116.99}, "geometry": {"type": "LineString", "coordinates": [[-58.45783329068791, -34.60759374796066], [-58.45798812956957, -34.60766636147159], [-58.45881590071738, -34.608049005790136], [-58.458944849278694, -34.60811077190272]]}}, {"type": "Feature", "properties": {"id": 27489, "nombre": "PATRICIAS ARGENTINAS AV.", "tipo": "Ciclovías", "comuna": 6, "barrio": "Caballito", "longitud_m": 19.56}, "geometry": {"type": "LineString", "coordinates": [[-58.43535420070135, -34.604461026351636], [-58.435564728427394, -34.604433277807395]]}}, {"type": "Feature", "properties": {"id": 2907, "nombre": "FIGUEROA ALCORTA, PRES. AV.", "tipo": "Ciclovías", "comuna": 14, "barrio": "Palermo", "longitud_m": 201.05}, "geometry": {"type": "LineString", "coordinates": [[-58.41672870207107, -34.56811295591134], [-58.41681073014042, -34.568030661530415], [-58.41684463243837, -34.56799518074413], [-58.41688203036272, -34.56795026446224], [-58.41691798354556, -34.56790077005998], [-58.41695770428836, -34.567811980487456], [-58.416975098676545, -34.567762408596344], [-58.41698755520817, -34.56771318694908], [-58.41700231980399, -34.56764678272008], [-58.417018028198065, -34.56756706871063], [-58.41702862789157, -34.567488761241805], [-58.41705574828597, -34.56740102321449], [-58.41707825450357, -34.56734405872148], [-58.417098631551006, -34.567288642746014], [-58.41712419390882, -34.56724710225662], [-58.417191490789605, -34.567168886626646], [-58.41722811824834, -34.56713073064574], [-58.41727555817734, -34.56709102940251], [-58.417340282340085, -34.56704647539279], [-58.41738482140416, -34.5670182521272], [-58.417435916801, -34.56698770731643], [-58.41750864036688, -34.56694815632622], [-58.41760528969614, -34.56690121972993], [-58.41765595574648, -34.56687715367434], [-58.41775183738947, -34.56683268151462], [-58.41796079949435, -34.56673874325249]]}}, {"type": "Feature", "properties": {"id": 29059, "nombre": "DEL LIBERTADOR AV.", "tipo": "Ciclovías", "comuna": 14, "barrio": "Palermo", "longitud_m": 151.8}, "geometry": {"type": "LineString", "coordinates": [[-58.415056121418246, -34.574570906523], [-58.415320175991155, -34.574564930564925], [-58.41586188044358, -34.57445364223037], [-58.41609966442548, -34.5743645343578], [-58.41662321296921, -34.57417627373716]]}}, {"type": "Feature", "properties": {"id": 7005, "nombre": "CORRIENTES AV.", "tipo": "Ciclovías mano única", "comuna": 15, "barrio": "Chacarita", "longitud_m": 59.17}, "geometry": {"type": "LineString", "coordinates": [[-58.44874979972005, -34.59061555339416], [-58.44917419563529, -34.590213906237906]]}}, {"type": "Feature", "properties": {"id": 7061, "nombre": "CORDOBA AV.", "tipo": "Ciclovías mano única", "comuna": 14, "barrio": "Palermo", "longitud_m": 101.48}, "geometry": {"type": "LineString", "coordinates": [[-58.43531242392069, -34.590821595313294], [-58.43603827438131, -34.59034154015832], [-58.43617548874287, -34.590249456481175]]}}, {"type": "Feature", "properties": {"id": 29830, "nombre": "DORREGO", "tipo": "Ciclovías", "comuna": 14, "barrio": "Palermo", "longitud_m": 25.82}, "geometry": {"type": "LineString", "coordinates": [[-58.4370837994801, -34.57626010355168], [-58.43688013168456, -34.576099521687624]]}}, {"type": "Feature", "properties": {"id": 12417, "nombre": "DON BOSCO", "tipo": "Ciclovías", "comuna": 5, "barrio": "Almagro", "longitud_m": 125.34}, "geometry": {"type": "LineString", "coordinates": [[-58.41783721885131, -34.612492791878864], [-58.41914665084924, -34.612816023592465]]}}, {"type": "Feature", "properties": {"id": 5887, "nombre": "ALVAREZ, JULIAN", "tipo": "Ciclovías", "comuna": 14, "barrio": "Palermo", "longitud_m": 79.05}, "geometry": {"type": "LineString", "coordinates": [[-58.413160796021856, -34.58572540225307], [-58.412523313218486, -34.58524604565491]]}}, {"type": "Feature", "properties": {"id": 15725, "nombre": "VALLE", "tipo": "Ciclovías", "comuna": 6, "barrio": "Caballito", "longitud_m": 136.97}, "geometry": {"type": "LineString", "coordinates": [[-58.436227966312465, -34.624558902113215], [-58.43740380476588, -34.62467472211008], [-58.437711160815965, -34.62470429435326]]}}, {"type": "Feature", "properties": {"id": 9806, "nombre": "CUCHA CUCHA", "tipo": "Ciclovías", "comuna": 15, "barrio": "Villa Crespo", "longitud_m": 59.8}, "geometry": {"type": "LineString", "coordinates": [[-58.45602030092345, -34.602818019720274], [-58.45641534350078, -34.602389162925505]]}}, {"type": "Feature", "properties": {"id": 7961, "nombre": "GORRITI", "tipo": "Ciclovías", "comuna": 14, "barrio": "Palermo", "longitud_m": 139.67}, "geometry": {"type": "LineString", "coordinates": [[-58.41978110023325, -34.59542317777067], [-58.42130200202617, -34.595365329462496]]}}, {"type": "Feature", "properties": {"id": 5024, "nombre": "DIAZ, CNEL. AV.", "tipo": "Ciclovías", "comuna": 14, "barrio": "Palermo", "longitud_m": 126.17}, "geometry": {"type": "LineString", "coordinates": [[-58.405187087366755, -34.58156129782663], [-58.40464765686781, -34.58051517538289]]}}, {"type": "Feature", "properties": {"id": 10468, "nombre": "CUCHA CUCHA", "tipo": "Ciclovías", "comuna": 15, "barrio": "Villa Crespo", "longitud_m": 144.23}, "geometry": {"type": "LineString", "coordinates": [[-58.45355261281733, -34.60537239257288], [-58.454404583071316, -34.60445202156066], [-58.454507990348155, -34.60433984429424]]}}, {"type": "Feature", "properties": {"id": 13705, "nombre": "CHACO", "tipo": "Ciclovías", "comuna": 6, "barrio": "Caballito", "longitud_m": 50.68}, "geometry": {"type": "LineString", "coordinates": [[-58.43034124075168, -34.617301169038505], [-58.43087324173218, -34.61742462302518]]}}, {"type": "Feature", "properties": {"id": 5349, "nombre": "FOREST AV.", "tipo": "Ciclovías mano única", "comuna": 15, "barrio": "Chacarita", "longitud_m": 143.03}, "geometry": {"type": "LineString", "coordinates": [[-58.455770486598475, -34.583194014828514], [-58.45670710584234, -34.58216334582142]]}}, {"type": "Feature", "properties": {"id": 7189, "nombre": "CORDOBA AV.", "tipo": "Ciclovías mano única", "comuna": 14, "barrio": "Palermo", "longitud_m": 111.32}, "geometry": {"type": "LineString", "coordinates": [[-58.434364853669535, -34.59144835678917], [-58.43531242392069, -34.590821595313294]]}}, {"type": "Feature", "properties": {"id": 5792, "nombre": "ALVAREZ, JULIAN", "tipo": "Ciclovías", "comuna": 14, "barrio": "Palermo", "longitud_m": 97.41}, "geometry": {"type": "LineString", "coordinates": [[-58.412523313218486, -34.58524604565491], [-58.411737661807265, -34.584655424006854]]}}, {"type": "Feature", "properties": {"id": 9868, "nombre": "ALVAREZ, JULIAN", "tipo": "Ciclovías", "comuna": 15, "barrio": "Villa Crespo", "longitud_m": 146.57}, "geometry": {"type": "LineString", "coordinates": [[-58.43977453487653, -34.60300371826226], [-58.438512163546676, -34.60219373781056]]}}, {"type": "Feature", "properties": {"id": 28165, "nombre": "PATRICIAS ARGENTINAS AV.", "tipo": "Ciclovías", "comuna": 6, "barrio": "Caballito", "longitud_m": 16.33}, "geometry": {"type": "LineString", "coordinates": [[-58.43439596466542, -34.60857327756408], [-58.434240948464016, -34.60850091131017]]}}, {"type": "Feature", "properties": {"id": 7357, "nombre": "ALVAREZ, JULIAN", "tipo": "Ciclovías", "comuna": 14, "barrio": "Palermo", "longitud_m": 92.8}, "geometry": {"type": "LineString", "coordinates": [[-58.42332027706831, -34.592198772066666], [-58.422545443177555, -34.59166097152394]]}}, {"type": "Feature", "properties": {"id": 6567, "nombre": "NEWBERY, JORGE AV.", "tipo": "Ciclovías", "comuna": 15, "barrio": "Chacarita", "longitud_m": 86.59}, "geometry": {"type": "LineString", "coordinates": [[-58.45052705641916, -34.58793591722912], [-58.45076843528564, -34.588690532901154]]}}, {"type": "Feature", "properties": {"id": 8521, "nombre": "ESTADO DE ISRAEL AV.", "tipo": "Ciclovías mano única", "comuna": 15, "barrio": "Villa Crespo", "longitud_m": 128.89}, "geometry": {"type": "LineString", "coordinates": [[-58.42656674539593, -34.59791530812657], [-58.42678713365085, -34.597943755002184], [-58.42777511139409, -34.59832841889777], [-58.427854383221565, -34.59836351292565]]}}, {"type": "Feature", "properties": {"id": 8464, "nombre": "CORDOBA AV.", "tipo": "Ciclovías mano única", "comuna": 14, "barrio": "Palermo", "longitud_m": 145.99}, "geometry": {"type": "LineString", "coordinates": [[-58.42177967769403, -34.597734404132424], [-58.422841492675126, -34.597712915911366], [-58.42336930425086, -34.59774487338942]]}}, {"type": "Feature", "properties": {"id": 3432, "nombre": "DEL LIBERTADOR AV.", "tipo": "Ciclovías", "comuna": 14, "barrio": "Palermo", "longitud_m": 155.94}, "geometry": {"type": "LineString", "coordinates": [[-58.42174360958081, -34.5718228699623], [-58.422697257302836, -34.57139029485431], [-58.42324699857255, -34.57116828888843]]}}, {"type": "Feature", "properties": {"id": 6931, "nombre": "CORDOBA AV.", "tipo": "Ciclovías mano única", "comuna": 14, "barrio": "Palermo", "longitud_m": 112.29}, "geometry": {"type": "LineString", "coordinates": [[-58.43617548874287, -34.590249456481175], [-58.43712593045235, -34.5896117657505]]}}, {"type": "Feature", "properties": {"id": 6189, "nombre": "ALVAREZ, JULIAN", "tipo": "Ciclovías", "comuna": 14, "barrio": "Palermo", "longitud_m": 124.48}, "geometry": {"type": "LineString", "coordinates": [[-58.41516599421766, -34.58705778239702], [-58.41406332764469, -34.58640395073148]]}}, {"type": "Feature", "properties": {"id": 9316, "nombre": "HUMAHUACA", "tipo": "Ciclovías", "comuna": 5, "barrio": "Almagro", "longitud_m": 111.35}, "geometry": {"type": "LineString", "coordinates": [[-58.429950979117635, -34.601001539297535], [-58.431156035323234, -34.600880663657435]]}}, {"type": "Feature", "properties": {"id": 29920, "nombre": "FOREST AV.", "tipo": "Ciclovías mano única", "comuna": 15, "barrio": "Chacarita", "longitud_m": 29.85}, "geometry": {"type": "LineString", "coordinates": [[-58.45463359448491, -34.584445834201745], [-58.4548289050093, -34.584230591727085]]}}, {"type": "Feature", "properties": {"id": 4233, "nombre": "DEL LIBERTADOR AV.", "tipo": "Ciclovías", "comuna": 14, "barrio": "Palermo", "longitud_m": 9.59}, "geometry": {"type": "LineString", "coordinates": [[-58.40986646345141, -34.577280609204344], [-58.40995844247456, -34.57723959231155]]}}, {"type": "Feature", "properties": {"id": 6457, "nombre": "LOYOLA", "tipo": "Ciclovías", "comuna": 15, "barrio": "Chacarita", "longitud_m": 121.72}, "geometry": {"type": "LineString", "coordinates": [[-58.443305037459474, -34.588249812334524], [-58.44428344051348, -34.587508758536686]]}}, {"type": "Feature", "properties": {"id": 13842, "nombre": "FRAGATA PRES. SARMIENTO", "tipo": "Ciclovías", "comuna": 6, "barrio": "Caballito", "longitud_m": 137.07}, "geometry": {"type": "LineString", "coordinates": [[-58.45078457947676, -34.61787674705555], [-58.45084157940005, -34.61779287859352], [-58.45143783520222, -34.61676567146646]]}}, {"type": "Feature", "properties": {"id": 5697, "nombre": "DIAZ, CNEL. AV.", "tipo": "Ciclovías", "comuna": 14, "barrio": "Palermo", "longitud_m": 126.92}, "geometry": {"type": "LineString", "coordinates": [[-58.40709464493288, -34.58479816541325], [-58.40640109845206, -34.58380824880417]]}}, {"type": "Feature", "properties": {"id": 7851, "nombre": "SERRANO", "tipo": "Ciclovías", "comuna": 15, "barrio": "Villa Crespo", "longitud_m": 124.98}, "geometry": {"type": "LineString", "coordinates": [[-58.440021160704774, -34.59483349643978], [-58.43891751729581, -34.594173058801054]]}}, {"type": "Feature", "properties": {"id": 9872, "nombre": "CORRIENTES AV.", "tipo": "Ciclovías mano única", "comuna": 5, "barrio": "Almagro", "longitud_m": 142.69}, "geometry": {"type": "LineString", "coordinates": [[-58.42256050794887, -34.60301517117374], [-58.424104927026704, -34.60286187193771]]}}, {"type": "Feature", "properties": {"id": 11909, "nombre": "RAWSON", "tipo": "Ciclovías", "comuna": 5, "barrio": "Almagro", "longitud_m": 76.36}, "geometry": {"type": "LineString", "coordinates": [[-58.42592633956294, -34.610995588175015], [-58.42602613043422, -34.61031222904598]]}}, {"type": "Feature", "properties": {"id": 2151, "nombre": "FIGUEROA ALCORTA, PRES. AV.", "tipo": "Ciclovías", "comuna": 14, "barrio": "Palermo", "longitud_m": 425.26}, "geometry": {"type": "LineString", "coordinates": [[-58.42390464227646, -34.56201732505123], [-58.42707590600337, -34.55950740703498], [-58.427252348409404, -34.55936692695386]]}}, {"type": "Feature", "properties": {"id": 11549, "nombre": "OTAMENDI", "tipo": "Ciclovías", "comuna": 6, "barrio": "Caballito", "longitud_m": 115.17}, "geometry": {"type": "LineString", "coordinates": [[-58.434278544430825, -34.60969967391037], [-58.43473150417178, -34.60873141801751]]}}, {"type": "Feature", "properties": {"id": 13531, "nombre": "MENDEZ DE ANDES", "tipo": "Ciclovías", "comuna": 6, "barrio": "Caballito", "longitud_m": 143.61}, "geometry": {"type": "LineString", "coordinates": [[-58.45001189157109, -34.61623171481922], [-58.451225572050745, -34.61669712863948], [-58.45143783520222, -34.61676567146646]]}}, {"type": "Feature", "properties": {"id": 9113, "nombre": "LOYOLA", "tipo": "Ciclovías", "comuna": 15, "barrio": "Villa Crespo", "longitud_m": 117.36}, "geometry": {"type": "LineString", "coordinates": [[-58.431429541222464, -34.600332135405424], [-58.432212093835126, -34.59949521162763]]}}, {"type": "Feature", "properties": {"id": 9871, "nombre": "ACUÑA DE FIGUEROA, FRANCISCO", "tipo": "Ciclovías", "comuna": 5, "barrio": "Almagro", "longitud_m": 141.24}, "geometry": {"type": "LineString", "coordinates": [[-58.42256050794887, -34.60301517117374], [-58.422536825392484, -34.60285297773643], [-58.42238321273667, -34.60175051532912]]}}, {"type": "Feature", "properties": {"id": 9915, "nombre": "CORRIENTES AV.", "tipo": "Ciclovías mano única", "comuna": 5, "barrio": "Almagro", "longitud_m": 148.18}, "geometry": {"type": "LineString", "coordinates": [[-58.420956632980094, -34.60317441624162], [-58.42256050794887, -34.60301517117374]]}}, {"type": "Feature", "properties": {"id": 6995, "nombre": "MANSILLA, LUCIO NORBERTO, GENERAL", "tipo": "Ciclovías", "comuna": 14, "barrio": "Palermo", "longitud_m": 137.78}, "geometry": {"type": "LineString", "coordinates": [[-58.41534715555433, -34.59053833636819], [-58.41648616278501, -34.58972894775912]]}}, {"type": "Feature", "properties": {"id": 6105, "nombre": "CORDOBA AV.", "tipo": "Ciclovías mano única", "comuna": 14, "barrio": "Palermo", "longitud_m": 120.85}, "geometry": {"type": "LineString", "coordinates": [[-58.44139893925012, -34.586780093119685], [-58.44242654406032, -34.58609857095137]]}}, {"type": "Feature", "properties": {"id": 4629, "nombre": "DEL LIBERTADOR AV.", "tipo": "Ciclovías", "comuna": 14, "barrio": "Palermo", "longitud_m": 63.28}, "geometry": {"type": "LineString", "coordinates": [[-58.40583455098271, -34.57956086299949], [-58.40632678463618, -34.57916129752113]]}}, {"type": "Feature", "properties": {"id": 28001, "nombre": "ALVAREZ, JULIAN", "tipo": "Ciclovías", "comuna": 15, "barrio": "Villa Crespo", "longitud_m": 8.78}, "geometry": {"type": "LineString", "coordinates": [[-58.43622352344329, -34.600725130398416], [-58.43615183120527, -34.60067271929583]]}}, {"type": "Feature", "properties": {"id": 10260, "nombre": "GALLARDO, ANGEL AV.", "tipo": "Ciclovías mano única", "comuna": 15, "barrio": "Villa Crespo", "longitud_m": 59.32}, "geometry": {"type": "LineString", "coordinates": [[-58.43661763839414, -34.604282806148774], [-58.4370547457547, -34.60449079135239], [-58.43717600749618, -34.604552438004]]}}, {"type": "Feature", "properties": {"id": 13372, "nombre": "MENDEZ DE ANDES", "tipo": "Ciclovías", "comuna": 6, "barrio": "Caballito", "longitud_m": 85.84}, "geometry": {"type": "LineString", "coordinates": [[-58.449162859903744, -34.61590612223154], [-58.45001189157109, -34.61623171481922]]}}, {"type": "Feature", "properties": {"id": 11992, "nombre": "AMBROSETTI, JUAN B.", "tipo": "Ciclovías", "comuna": 6, "barrio": "Caballito", "longitud_m": 97.91}, "geometry": {"type": "LineString", "coordinates": [[-58.43809388494603, -34.61129202262376], [-58.43835665387739, -34.61043664235206]]}}, {"type": "Feature", "properties": {"id": 10933, "nombre": "POTOSI", "tipo": "Ciclovías", "comuna": 5, "barrio": "Almagro", "longitud_m": 78.34}, "geometry": {"type": "LineString", "coordinates": [[-58.426181988542865, -34.607278079073865], [-58.427036007901364, -34.60728143453273]]}}, {"type": "Feature", "properties": {"id": 7850, "nombre": "GORRITI", "tipo": "Ciclovías", "comuna": 14, "barrio": "Palermo", "longitud_m": 102.61}, "geometry": {"type": "LineString", "coordinates": [[-58.42363786537834, -34.594804763864644], [-58.4244207027524, -34.59414408947303]]}}, {"type": "Feature", "properties": {"id": 4932, "nombre": "GUATEMALA", "tipo": "Ciclovías", "comuna": 14, "barrio": "Palermo", "longitud_m": 117.01}, "geometry": {"type": "LineString", "coordinates": [[-58.43104275298748, -34.58108177640966], [-58.43196046942752, -34.58034939618741]]}}, {"type": "Feature", "properties": {"id": 6428, "nombre": "CORDOBA AV.", "tipo": "Ciclovías mano única", "comuna": 14, "barrio": "Palermo", "longitud_m": 90.13}, "geometry": {"type": "LineString", "coordinates": [[-58.43939052324503, -34.58810811982353], [-58.440157973535676, -34.58760093493062]]}}, {"type": "Feature", "properties": {"id": 6805, "nombre": "LOYOLA", "tipo": "Ciclovías", "comuna": 15, "barrio": "Chacarita", "longitud_m": 111.93}, "geometry": {"type": "LineString", "coordinates": [[-58.44137585984784, -34.58971098523051], [-58.442275515223706, -34.589029512040966]]}}, {"type": "Feature", "properties": {"id": 28162, "nombre": "PATRICIAS ARGENTINAS AV.", "tipo": "Ciclovías", "comuna": 6, "barrio": "Caballito", "longitud_m": 67.85}, "geometry": {"type": "LineString", "coordinates": [[-58.43464780996631, -34.60464250564615], [-58.43535420070135, -34.604461026351636]]}}, {"type": "Feature", "properties": {"id": 8701, "nombre": "ALVAREZ, JULIAN", "tipo": "Ciclovías", "comuna": 15, "barrio": "Villa Crespo", "longitud_m": 125.15}, "geometry": {"type": "LineString", "coordinates": [[-58.43299471593525, -34.598658212304855], [-58.43216831750638, -34.598130883279374], [-58.431915189665645, -34.59796842150168]]}}, {"type": "Feature", "properties": {"id": 14395, "nombre": "DOBLAS", "tipo": "Ciclovías mano única", "comuna": 6, "barrio": "Caballito", "longitud_m": 128.32}, "geometry": {"type": "LineString", "coordinates": [[-58.43154407668187, -34.61870643525585], [-58.431349410093745, -34.61965202989229], [-58.43131032071288, -34.61984688118798]]}}, {"type": "Feature", "properties": {"id": 6448, "nombre": "ALVAREZ, JULIAN", "tipo": "Ciclovías", "comuna": 14, "barrio": "Palermo", "longitud_m": 158.55}, "geometry": {"type": "LineString", "coordinates": [[-58.41706918675313, -34.588184805476075], [-58.415664132359886, -34.587352701327525]]}}, {"type": "Feature", "properties": {"id": 9365, "nombre": "CORRIENTES AV.", "tipo": "Ciclovías mano única", "comuna": 15, "barrio": "Villa Crespo", "longitud_m": 119.16}, "geometry": {"type": "LineString", "coordinates": [[-58.43485262937974, -34.6011840508947], [-58.43605666612025, -34.60078100961173]]}}, {"type": "Feature", "properties": {"id": 4318, "nombre": "DEL LIBERTADOR AV.", "tipo": "Ciclovías", "comuna": 14, "barrio": "Palermo", "longitud_m": 130.0}, "geometry": {"type": "LineString", "coordinates": [[-58.40861937235455, -34.57783661680978], [-58.40986646345141, -34.577280609204344]]}}, {"type": "Feature", "properties": {"id": 15749, "nombre": "VALLE", "tipo": "Ciclovías", "comuna": 6, "barrio": "Caballito", "longitud_m": 58.8}, "geometry": {"type": "LineString", "coordinates": [[-58.437711160815965, -34.62470429435326], [-58.437952922753055, -34.6247275141088], [-58.43834810773423, -34.62476484953315]]}}, {"type": "Feature", "properties": {"id": 28101, "nombre": "FIGUEROA ALCORTA, PRES. AV.", "tipo": "Ciclovías", "comuna": 14, "barrio": "Palermo", "longitud_m": 63.46}, "geometry": {"type": "LineString", "coordinates": [[-58.43411810056931, -34.5539541183103], [-58.4346554474964, -34.553594145734735]]}}, {"type": "Feature", "properties": {"id": 9156, "nombre": "ACUÑA DE FIGUEROA, FRANCISCO", "tipo": "Ciclovías", "comuna": 5, "barrio": "Almagro", "longitud_m": 131.4}, "geometry": {"type": "LineString", "coordinates": [[-58.42221347636189, -34.60053910176583], [-58.422040746572485, -34.59936325064811]]}}, {"type": "Feature", "properties": {"id": 8004, "nombre": "GORRITI", "tipo": "Ciclovías", "comuna": 14, "barrio": "Palermo", "longitud_m": 156.07}, "geometry": {"type": "LineString", "coordinates": [[-58.415048827910425, -34.59559745752908], [-58.41674857334945, -34.595537905546976]]}}, {"type": "Feature", "properties": {"id": 4620, "nombre": "GUATEMALA", "tipo": "Ciclovías", "comuna": 14, "barrio": "Palermo", "longitud_m": 129.12}, "geometry": {"type": "LineString", "coordinates": [[-58.43297696532032, -34.57953815882484], [-58.43398952382224, -34.57872994016382]]}}, {"type": "Feature", "properties": {"id": 9546, "nombre": "CUCHA CUCHA", "tipo": "Ciclovías", "comuna": 15, "barrio": "Villa Crespo", "longitud_m": 43.81}, "geometry": {"type": "LineString", "coordinates": [[-58.45707057133438, -34.601892430023874], [-58.45753311807632, -34.601794000556474]]}}, {"type": "Feature", "properties": {"id": 9636, "nombre": "HUMAHUACA", "tipo": "Ciclovías", "comuna": 5, "barrio": "Almagro", "longitud_m": 132.72}, "geometry": {"type": "LineString", "coordinates": [[-58.41790517578575, -34.60219048749256], [-58.41934184576777, -34.60204932124651]]}}, {"type": "Feature", "properties": {"id": 7969, "nombre": "CORRIENTES AV.", "tipo": "Ciclovías mano única", "comuna": 15, "barrio": "Villa Crespo", "longitud_m": 105.12}, "geometry": {"type": "LineString", "coordinates": [[-58.44353937103008, -34.59547131037595], [-58.44430137411248, -34.59476367334986]]}}, {"type": "Feature", "properties": {"id": 8971, "nombre": "ESTADO DE ISRAEL AV.", "tipo": "Ciclovías mano única", "comuna": 15, "barrio": "Villa Crespo", "longitud_m": 5.11}, "geometry": {"type": "LineString", "coordinates": [[-58.43015194847563, -34.59977002576182], [-58.430189748074554, -34.599803839366324]]}}, {"type": "Feature", "properties": {"id": 9188, "nombre": "PADILLA", "tipo": "Ciclovías", "comuna": 15, "barrio": "Villa Crespo", "longitud_m": 130.44}, "geometry": {"type": "LineString", "coordinates": [[-58.44182452976848, -34.600660539485865], [-58.44278344976453, -34.59979238117649]]}}, {"type": "Feature", "properties": {"id": 6776, "nombre": "CORDOBA AV.", "tipo": "Ciclovías mano única", "comuna": 14, "barrio": "Palermo", "longitud_m": 109.51}, "geometry": {"type": "LineString", "coordinates": [[-58.43712593045235, -34.5896117657505], [-58.438052935675344, -34.58898983762226]]}}, {"type": "Feature", "properties": {"id": 2658, "nombre": "DEL LIBERTADOR AV.", "tipo": "Ciclovías", "comuna": 14, "barrio": "Palermo", "longitud_m": 120.37}, "geometry": {"type": "LineString", "coordinates": [[-58.43224722995798, -34.5661701027001], [-58.43331201038407, -34.56553648227389]]}}, {"type": "Feature", "properties": {"id": 6427, "nombre": "HUMBOLDT", "tipo": "Ciclovías", "comuna": 14, "barrio": "Palermo", "longitud_m": 120.9}, "geometry": {"type": "LineString", "coordinates": [[-58.43939052324503, -34.58810811982353], [-58.43921812870426, -34.587971604666514], [-58.43851181947193, -34.58729687394003]]}}, {"type": "Feature", "properties": {"id": 9633, "nombre": "ALVAREZ, JULIAN", "tipo": "Ciclovías", "comuna": 15, "barrio": "Villa Crespo", "longitud_m": 141.95}, "geometry": {"type": "LineString", "coordinates": [[-58.438512163546676, -34.60219373781056], [-58.437289666495396, -34.60140931647337]]}}, {"type": "Feature", "properties": {"id": 30733, "nombre": "SARMIENTO AV.", "tipo": "Ciclovías", "comuna": 14, "barrio": "Palermo", "longitud_m": 70.57}, "geometry": {"type": "LineString", "coordinates": [[-58.41286023375786, -34.57262423261117], [-58.412318664692926, -34.57217262538671]]}}, {"type": "Feature", "properties": {"id": 3190, "nombre": "ROLDAN, BELISARIO AV.", "tipo": "Ciclovías", "comuna": 14, "barrio": "Palermo", "longitud_m": 104.72}, "geometry": {"type": "LineString", "coordinates": [[-58.41283901495649, -34.57008384481784], [-58.41288726191791, -34.56998273593381], [-58.41291292647528, -34.569917745206325], [-58.41293092358994, -34.56986162472946], [-58.41294543061654, -34.569804798570054], [-58.41295627720934, -34.569747407507045], [-58.412963548424486, -34.5696895924244], [-58.4129671589659, -34.56963163498349], [-58.41296719397481, -34.569573535219725], [-58.41296348306424, -34.56951550433478], [-58.41295619638162, -34.56945775367042], [-58.41294346630529, -34.569391479458595], [-58.41283053946842, -34.56917565375543]]}}, {"type": "Feature", "properties": {"id": 6774, "nombre": "MANSILLA, LUCIO NORBERTO, GENERAL", "tipo": "Ciclovías", "comuna": 14, "barrio": "Palermo", "longitud_m": 35.1}, "geometry": {"type": "LineString", "coordinates": [[-58.41681438554538, -34.58960501489865], [-58.41702826773227, -34.58934262688601]]}}, {"type": "Feature", "properties": {"id": 15824, "nombre": "VALLE", "tipo": "Ciclovías", "comuna": 6, "barrio": "Caballito", "longitud_m": 94.45}, "geometry": {"type": "LineString", "coordinates": [[-58.440622192810146, -34.62499107073725], [-58.44164504588288, -34.62509055351631]]}}, {"type": "Feature", "properties": {"id": 15573, "nombre": "VALLE", "tipo": "Ciclovías", "comuna": 6, "barrio": "Caballito", "longitud_m": 127.07}, "geometry": {"type": "LineString", "coordinates": [[-58.430422938236575, -34.62397845490656], [-58.431623876757314, -34.62413243641835], [-58.43179143474104, -34.624157409678915]]}}, {"type": "Feature", "properties": {"id": 5251, "nombre": "TAGLE", "tipo": "Ciclovías", "comuna": 14, "barrio": "Palermo", "longitud_m": 251.13}, "geometry": {"type": "LineString", "coordinates": [[-58.399364781411265, -34.58271474589321], [-58.39811256286394, -34.580701863501616]]}}, {"type": "Feature", "properties": {"id": 9849, "nombre": "GALLARDO, ANGEL AV.", "tipo": "Ciclovías mano única", "comuna": 15, "barrio": "Villa Crespo", "longitud_m": 56.79}, "geometry": {"type": "LineString", "coordinates": [[-58.43333571585996, -34.602672865357576], [-58.43386732347795, -34.602935252215204]]}}, {"type": "Feature", "properties": {"id": 9227, "nombre": "BILLINGHURST", "tipo": "Ciclovías", "comuna": 5, "barrio": "Almagro", "longitud_m": 130.75}, "geometry": {"type": "LineString", "coordinates": [[-58.41513883975179, -34.60076595464438], [-58.41496889390546, -34.59980714031118], [-58.4149325637405, -34.59959972834054]]}}, {"type": "Feature", "properties": {"id": 6662, "nombre": "CORRIENTES AV.", "tipo": "Ciclovías mano única", "comuna": 15, "barrio": "Chacarita", "longitud_m": 61.11}, "geometry": {"type": "LineString", "coordinates": [[-58.45033894256723, -34.58911155169611], [-58.45076843528564, -34.588690532901154]]}}, {"type": "Feature", "properties": {"id": 5297, "nombre": "ROSETI", "tipo": "Ciclovías", "comuna": 15, "barrio": "Chacarita", "longitud_m": 131.54}, "geometry": {"type": "LineString", "coordinates": [[-58.45401860186867, -34.5829599462241], [-58.455368054415366, -34.582559681909906]]}}, {"type": "Feature", "properties": {"id": 7719, "nombre": "GORRITI", "tipo": "Ciclovías", "comuna": 14, "barrio": "Palermo", "longitud_m": 100.84}, "geometry": {"type": "LineString", "coordinates": [[-58.4244207027524, -34.59414408947303], [-58.42469689513888, -34.593910933881524], [-58.42520070825754, -34.59350369112474]]}}, {"type": "Feature", "properties": {"id": 7230, "nombre": "ACUÑA DE FIGUEROA, FRANCISCO", "tipo": "Ciclovías", "comuna": 14, "barrio": "Palermo", "longitud_m": 169.83}, "geometry": {"type": "LineString", "coordinates": [[-58.4205455930777, -34.59157768024439], [-58.420244493936735, -34.590067196649265]]}}, {"type": "Feature", "properties": {"id": 7188, "nombre": "SERRANO", "tipo": "Ciclovías", "comuna": 14, "barrio": "Palermo", "longitud_m": 108.71}, "geometry": {"type": "LineString", "coordinates": [[-58.434364853669535, -34.59144835678917], [-58.433434656852434, -34.59084129140911]]}}, {"type": "Feature", "properties": {"id": 2812, "nombre": "DEL LIBERTADOR AV.", "tipo": "Ciclovías", "comuna": 14, "barrio": "Palermo", "longitud_m": 118.24}, "geometry": {"type": "LineString", "coordinates": [[-58.430176975500494, -34.567391415133464], [-58.43068081105854, -34.5671023194078], [-58.43122892541139, -34.56677611977437]]}}, {"type": "Feature", "properties": {"id": 10331, "nombre": "BILLINGHURST", "tipo": "Ciclovías", "comuna": 5, "barrio": "Almagro", "longitud_m": 115.43}, "geometry": {"type": "LineString", "coordinates": [[-58.41586290447572, -34.60483129912894], [-58.41569203023256, -34.603977910170926], [-58.41566308698492, -34.60380402306387]]}}, {"type": "Feature", "properties": {"id": 29831, "nombre": "SENDERO DORREGO (NO OFICIAL)", "tipo": "Ciclovías", "comuna": 14, "barrio": "Palermo", "longitud_m": 54.36}, "geometry": {"type": "LineString", "coordinates": [[-58.43688013168456, -34.576099521687624], [-58.43699911020974, -34.576100980815305], [-58.4368388317984, -34.57594180674372], [-58.43662266225923, -34.57589651855524]]}}, {"type": "Feature", "properties": {"id": 11872, "nombre": "BILLINGHURST", "tipo": "Ciclovías", "comuna": 5, "barrio": "Almagro", "longitud_m": 153.27}, "geometry": {"type": "LineString", "coordinates": [[-58.41582559064895, -34.61083390468991], [-58.415796082806274, -34.610749385008425], [-58.41595345148391, -34.60946231578933]]}}, {"type": "Feature", "properties": {"id": 6041, "nombre": "GORRITI", "tipo": "Ciclovías", "comuna": 14, "barrio": "Palermo", "longitud_m": 55.5}, "geometry": {"type": "LineString", "coordinates": [[-58.435269961876386, -34.58642003017264], [-58.4354719946173, -34.58625514389997], [-58.43570298417559, -34.58607075644991]]}}, {"type": "Feature", "properties": {"id": 2317, "nombre": "DEL LIBERTADOR AV.", "tipo": "Ciclovías", "comuna": 14, "barrio": "Palermo", "longitud_m": 141.02}, "geometry": {"type": "LineString", "coordinates": [[-58.4367814908993, -34.563466302524056], [-58.43690353459162, -34.56339979593523], [-58.43716841779279, -34.56327596381351], [-58.43757543771549, -34.5631217624305], [-58.43804692292873, -34.56297714664768], [-58.438177601891816, -34.562946820840445]]}}, {"type": "Feature", "properties": {"id": 4232, "nombre": "CASARES AV.", "tipo": "Ciclovías", "comuna": 14, "barrio": "Palermo", "longitud_m": 233.15}, "geometry": {"type": "LineString", "coordinates": [[-58.40986646345141, -34.577280609204344], [-58.40978381298471, -34.57684781821656], [-58.409771668693026, -34.5767996429516], [-58.4097494892551, -34.576733575614846], [-58.409727218883326, -34.576676592915284], [-58.40970086101487, -34.57662080562242], [-58.40967050084276, -34.576566143347186], [-58.40963103513674, -34.576504505095265], [-58.40960134798114, -34.57646258982234], [-58.40957021283073, -34.57642165983902], [-58.40953754463668, -34.57638157425898], [-58.4095033434002, -34.576342333081016], [-58.40946769421753, -34.57630400676525], [-58.409430597089454, -34.57626659531048], [-58.40939213711166, -34.57623016917685], [-58.40935231423907, -34.576194798786936], [-58.40929972563245, -34.576151253564895], [-58.40922807363717, -34.576095375694486], [-58.40915548432797, -34.576040835419796], [-58.409081787605686, -34.57598735096809], [-58.4090068982838, -34.57593499272334], [-58.40894460267881, -34.575893555745445], [-58.40885567428649, -34.57582759934192], [-58.40877576723472, -34.57576721039125], [-58.40854618375906, -34.57557787859746]]}}, {"type": "Feature", "properties": {"id": 5252, "nombre": "DEL LIBERTADOR AV.", "tipo": "Ciclovías", "comuna": 14, "barrio": "Palermo", "longitud_m": 81.67}, "geometry": {"type": "LineString", "coordinates": [[-58.399364781411265, -34.58271474589321], [-58.399575463695605, -34.58267739060722], [-58.400204001801846, -34.58247461487363]]}}, {"type": "Feature", "properties": {"id": 2387, "nombre": "FIGUEROA ALCORTA, PRES. AV.", "tipo": "Ciclovías", "comuna": 14, "barrio": "Palermo", "longitud_m": 166.51}, "geometry": {"type": "LineString", "coordinates": [[-58.422602252979644, -34.5640369413732], [-58.422783467626374, -34.563733051479495], [-58.423276973369695, -34.56280178577556], [-58.42337067154399, -34.562678856054404]]}}, {"type": "Feature", "properties": {"id": 5089, "nombre": "GODOY CRUZ", "tipo": "Ciclovías", "comuna": 14, "barrio": "Palermo", "longitud_m": 144.46}, "geometry": {"type": "LineString", "coordinates": [[-58.427997655757196, -34.58178707348349], [-58.427074107812956, -34.58073241708142]]}}, {"type": "Feature", "properties": {"id": 5269, "nombre": "BORGES, JORGE LUIS", "tipo": "Ciclovías", "comuna": 14, "barrio": "Palermo", "longitud_m": 151.59}, "geometry": {"type": "LineString", "coordinates": [[-58.42193653108642, -34.5828167380905], [-58.42075372726183, -34.58186272243346]]}}, {"type": "Feature", "properties": {"id": 32418, "nombre": "YERBAL", "tipo": "Ciclovías", "comuna": 6, "barrio": "Caballito", "longitud_m": 30.86}, "geometry": {"type": "LineString", "coordinates": [[-58.44965664418447, -34.6225398638731], [-58.44995932815002, -34.62266136586009]]}}, {"type": "Feature", "properties": {"id": 5929, "nombre": "NEWBERY, JORGE AV.", "tipo": "Ciclovías", "comuna": 15, "barrio": "Chacarita", "longitud_m": 118.12}, "geometry": {"type": "LineString", "coordinates": [[-58.44955469240659, -34.584887517945035], [-58.44988320314321, -34.58591700959855]]}}, {"type": "Feature", "properties": {"id": 5475, "nombre": "CORDOBA AV.", "tipo": "Ciclovías mano única", "comuna": 15, "barrio": "Chacarita", "longitud_m": 124.97}, "geometry": {"type": "LineString", "coordinates": [[-58.44642856994631, -34.583807740077326], [-58.44763709025947, -34.583288173360835]]}}, {"type": "Feature", "properties": {"id": 6870, "nombre": "SERRANO", "tipo": "Ciclovías", "comuna": 14, "barrio": "Palermo", "longitud_m": 53.31}, "geometry": {"type": "LineString", "coordinates": [[-58.43217108881046, -34.59001666578797], [-58.431714943659074, -34.58971893783995]]}}, {"type": "Feature", "properties": {"id": 1413, "nombre": "OBLIGADO RAFAEL, AV.COSTANERA", "tipo": "Ciclovías", "comuna": 14, "barrio": "Palermo", "longitud_m": 237.83}, "geometry": {"type": "LineString", "coordinates": [[-58.41635766228512, -34.55456656359787], [-58.41731023207505, -34.55432317592877], [-58.417761275681336, -34.554230686524875], [-58.41824258711914, -34.5541365371046], [-58.41886817221468, -34.55404661217817]]}}, {"type": "Feature", "properties": {"id": 4198, "nombre": "GUATEMALA", "tipo": "Ciclovías", "comuna": 14, "barrio": "Palermo", "longitud_m": 135.69}, "geometry": {"type": "LineString", "coordinates": [[-58.436019776957906, -34.57710946428912], [-58.4370837994801, -34.57626010355168]]}}, {"type": "Feature", "properties": {"id": 15681, "nombre": "VALLE", "tipo": "Ciclovías", "comuna": 6, "barrio": "Caballito", "longitud_m": 160.43}, "geometry": {"type": "LineString", "coordinates": [[-58.434482888630065, -34.62445821949662], [-58.436227966312465, -34.624558902113215]]}}, {"type": "Feature", "properties": {"id": 2300, "nombre": "OLLEROS AV.", "tipo": "Ciclovías", "comuna": 14, "barrio": "Palermo", "longitud_m": 95.9}, "geometry": {"type": "LineString", "coordinates": [[-58.43539673544255, -34.56255016080004], [-58.435696152531875, -34.56282209666161], [-58.43610924526185, -34.563182385497086]]}}, {"type": "Feature", "properties": {"id": 28595, "nombre": "OLLEROS AV.", "tipo": "Ciclovías", "comuna": 14, "barrio": "Palermo", "longitud_m": 70.96}, "geometry": {"type": "LineString", "coordinates": [[-58.43486032802045, -34.56208952525301], [-58.43494653673592, -34.562160110220496], [-58.43539673544255, -34.56255016080004]]}}, {"type": "Feature", "properties": {"id": 5870, "nombre": "GORRITI", "tipo": "Ciclovías", "comuna": 14, "barrio": "Palermo", "longitud_m": 115.84}, "geometry": {"type": "LineString", "coordinates": [[-58.43625890501118, -34.58562721100198], [-58.43638231917809, -34.585528644971056], [-58.43719015588134, -34.5849221898635]]}}, {"type": "Feature", "properties": {"id": 6496, "nombre": "BORGES, JORGE LUIS", "tipo": "Ciclovías", "comuna": 14, "barrio": "Palermo", "longitud_m": 59.7}, "geometry": {"type": "LineString", "coordinates": [[-58.429662500803644, -34.588379774677925], [-58.429150783158576, -34.588047302825]]}}, {"type": "Feature", "properties": {"id": 11011, "nombre": "TRES ARROYOS", "tipo": "Ciclovías", "comuna": 6, "barrio": "Caballito", "longitud_m": 125.72}, "geometry": {"type": "LineString", "coordinates": [[-58.45664109142877, -34.60703466661551], [-58.45783329068791, -34.60759374796066]]}}, {"type": "Feature", "properties": {"id": 8481, "nombre": "CORDOBA AV.", "tipo": "Ciclovías mano única", "comuna": 14, "barrio": "Palermo", "longitud_m": 112.12}, "geometry": {"type": "LineString", "coordinates": [[-58.418943060511275, -34.59778875895814], [-58.42016489935273, -34.597762647273626]]}}, {"type": "Feature", "properties": {"id": 9552, "nombre": "HUMAHUACA", "tipo": "Ciclovías", "comuna": 5, "barrio": "Almagro", "longitud_m": 147.69}, "geometry": {"type": "LineString", "coordinates": [[-58.42078447285654, -34.601907576766514], [-58.42221423429937, -34.60176707851845], [-58.42238321273667, -34.60175051532912]]}}, {"type": "Feature", "properties": {"id": 8487, "nombre": "LOYOLA", "tipo": "Ciclovías", "comuna": 15, "barrio": "Villa Crespo", "longitud_m": 99.65}, "geometry": {"type": "LineString", "coordinates": [[-58.43378004855183, -34.59781832112871], [-58.43444447633701, -34.59710769408988]]}}, {"type": "Feature", "properties": {"id": 2815, "nombre": "11 DE SEPTIEMBRE DE 1888", "tipo": "Ciclovías", "comuna": 14, "barrio": "Palermo", "longitud_m": 155.92}, "geometry": {"type": "LineString", "coordinates": [[-58.44374496179126, -34.56741701914318], [-58.44472652720554, -34.56626975397394]]}}, {"type": "Feature", "properties": {"id": 6282, "nombre": "LOYOLA", "tipo": "Ciclovías", "comuna": 15, "barrio": "Chacarita", "longitud_m": 96.47}, "geometry": {"type": "LineString", "coordinates": [[-58.44428344051348, -34.587508758536686], [-58.4450587921736, -34.58692140173696]]}}, {"type": "Feature", "properties": {"id": 13484, "nombre": "LINIERS VIRREY", "tipo": "Ciclovías", "comuna": 5, "barrio": "Almagro", "longitud_m": 121.86}, "geometry": {"type": "LineString", "coordinates": [[-58.41437177788323, -34.6155362095187], [-58.41434643359666, -34.61575908953751], [-58.41425775891941, -34.61663061433112]]}}, {"type": "Feature", "properties": {"id": 10117, "nombre": "CORRIENTES AV.", "tipo": "Ciclovías mano única", "comuna": 5, "barrio": "Almagro", "longitud_m": 107.75}, "geometry": {"type": "LineString", "coordinates": [[-58.41451642455954, -34.60401469987806], [-58.41566308698492, -34.60380402306387]]}}, {"type": "Feature", "properties": {"id": 6653, "nombre": "ALVAREZ, JULIAN", "tipo": "Ciclovías", "comuna": 14, "barrio": "Palermo", "longitud_m": 72.43}, "geometry": {"type": "LineString", "coordinates": [[-58.418558033408445, -34.589066854533314], [-58.41814712918766, -34.5888231074407], [-58.41791635294106, -34.58868647018103]]}}, {"type": "Feature", "properties": {"id": 14520, "nombre": "TREINTA Y TRES ORIENTALES", "tipo": "Ciclovías", "comuna": 5, "barrio": "Almagro", "longitud_m": 137.21}, "geometry": {"type": "LineString", "coordinates": [[-58.42427881646984, -34.61911306510974], [-58.42415880943454, -34.62034592904788]]}}, {"type": "Feature", "properties": {"id": 3060, "nombre": "ROLDAN, BELISARIO AV.", "tipo": "Ciclovías", "comuna": 14, "barrio": "Palermo", "longitud_m": 119.87}, "geometry": {"type": "LineString", "coordinates": [[-58.41283053946842, -34.56917565375543], [-58.41278368515182, -34.56908619592146], [-58.41275382886396, -34.56904414044654], [-58.412722867710066, -34.568999056275125], [-58.412692587866886, -34.56895362025805], [-58.41266307446659, -34.56890783243118], [-58.41263424237543, -34.56886169275971], [-58.41260634694841, -34.56881527177417], [-58.41257913278588, -34.56876856936907], [-58.41255268506248, -34.56872151515619], [-58.41252700373445, -34.5686741795601], [-58.41250217397625, -34.5686264921927], [-58.4124781105684, -34.568578593866974], [-58.41245481355264, -34.56853041415945], [-58.41243228288505, -34.56848202349445], [-58.412359575194735, -34.568349807351424], [-58.41229905772708, -34.56819108067426]]}}, {"type": "Feature", "properties": {"id": 10862, "nombre": "PERON, JUAN DOMINGO, TTE. GENERAL", "tipo": "Ciclovías", "comuna": 5, "barrio": "Almagro", "longitud_m": 90.98}, "geometry": {"type": "LineString", "coordinates": [[-58.41628968052785, -34.606962903576594], [-58.41642672863778, -34.606950984302145], [-58.4172772891274, -34.606887363526184]]}}, {"type": "Feature", "properties": {"id": 4330, "nombre": "GUATEMALA", "tipo": "Ciclovías", "comuna": 14, "barrio": "Palermo", "longitud_m": 129.55}, "geometry": {"type": "LineString", "coordinates": [[-58.43500385116233, -34.577920375346075], [-58.436019776957906, -34.57710946428912]]}}, {"type": "Feature", "properties": {"id": 28562, "nombre": "CORRIENTES AV.", "tipo": "Ciclovías mano única", "comuna": 15, "barrio": "Chacarita", "longitud_m": 126.55}, "geometry": {"type": "LineString", "coordinates": [[-58.451526658418246, -34.58871848149433], [-58.452777510683084, -34.5882376865918]]}}, {"type": "Feature", "properties": {"id": 7858, "nombre": "CORDOBA AV.", "tipo": "Ciclovías mano única", "comuna": 14, "barrio": "Palermo", "longitud_m": 102.15}, "geometry": {"type": "LineString", "coordinates": [[-58.42917090556817, -34.594854888276366], [-58.4293506366805, -34.59474500703667], [-58.430061297390196, -34.59430195597405]]}}, {"type": "Feature", "properties": {"id": 7946, "nombre": "GORRITI", "tipo": "Ciclovías", "comuna": 14, "barrio": "Palermo", "longitud_m": 157.06}, "geometry": {"type": "LineString", "coordinates": [[-58.42130200202617, -34.595365329462496], [-58.42301221568521, -34.595300200782845]]}}, {"type": "Feature", "properties": {"id": 6201, "nombre": "FOREST AV.", "tipo": "Ciclovías mano única", "comuna": 15, "barrio": "Chacarita", "longitud_m": 138.02}, "geometry": {"type": "LineString", "coordinates": [[-58.45220688111775, -34.5871171234042], [-58.45237661244034, -34.58693150162835], [-58.45311105645246, -34.5861228183911]]}}, {"type": "Feature", "properties": {"id": 12013, "nombre": "VALLESE, FELIPE", "tipo": "Ciclovías", "comuna": 6, "barrio": "Caballito", "longitud_m": 154.55}, "geometry": {"type": "LineString", "coordinates": [[-58.43930199604921, -34.61079866792972], [-58.43948314594285, -34.610864690249045], [-58.44062175685467, -34.61124765893196], [-58.44084659386512, -34.61135199771754]]}}, {"type": "Feature", "properties": {"id": 5421, "nombre": "DIAZ, CNEL. AV.", "tipo": "Ciclovías", "comuna": 14, "barrio": "Palermo", "longitud_m": 135.22}, "geometry": {"type": "LineString", "coordinates": [[-58.40617526907558, -34.58345898207293], [-58.406022187356875, -34.583190313909846], [-58.40558707416474, -34.58234157235353]]}}, {"type": "Feature", "properties": {"id": 7215, "nombre": "LOYOLA", "tipo": "Ciclovías", "comuna": 15, "barrio": "Villa Crespo", "longitud_m": 151.54}, "geometry": {"type": "LineString", "coordinates": [[-58.43965956967561, -34.59154118902842], [-58.440671771778305, -34.590461714663526]]}}, {"type": "Feature", "properties": {"id": 4016, "nombre": "ZAPATA", "tipo": "Ciclovías", "comuna": 14, "barrio": "Palermo", "longitud_m": 99.8}, "geometry": {"type": "LineString", "coordinates": [[-58.43755455411386, -34.57594188770163], [-58.438383907664615, -34.575359865345334]]}}, {"type": "Feature", "properties": {"id": 5088, "nombre": "GORRITI", "tipo": "Ciclovías", "comuna": 14, "barrio": "Palermo", "longitud_m": 140.23}, "geometry": {"type": "LineString", "coordinates": [[-58.44137734483559, -34.581786759342485], [-58.44251076553723, -34.580938772873424]]}}, {"type": "Feature", "properties": {"id": 3375, "nombre": "SARMIENTO AV.", "tipo": "Ciclovías", "comuna": 14, "barrio": "Palermo", "longitud_m": 41.66}, "geometry": {"type": "LineString", "coordinates": [[-58.411867268505574, -34.57136888779292], [-58.41154453812674, -34.57110482100092]]}}, {"type": "Feature", "properties": {"id": 16499, "nombre": "PUAN", "tipo": "Ciclovías", "comuna": 6, "barrio": "Caballito", "longitud_m": 128.35}, "geometry": {"type": "LineString", "coordinates": [[-58.447482638589854, -34.62637745060587], [-58.44738257688191, -34.626622158632415], [-58.447032953717155, -34.62747303742645]]}}, {"type": "Feature", "properties": {"id": 9626, "nombre": "CORRIENTES AV.", "tipo": "Ciclovías mano única", "comuna": 5, "barrio": "Almagro", "longitud_m": 76.3}, "geometry": {"type": "LineString", "coordinates": [[-58.43107105533052, -34.60216397066395], [-58.43189660979431, -34.60207967760541]]}}, {"type": "Feature", "properties": {"id": 2720, "nombre": "ROLDAN, BELISARIO AV.", "tipo": "Ciclovías", "comuna": 14, "barrio": "Palermo", "longitud_m": 558.02}, "geometry": {"type": "LineString", "coordinates": [[-58.41392995923236, -34.56656745776685], [-58.41401465304855, -34.56615339880144], [-58.414027878873746, -34.56610143121784], [-58.414046383533595, -34.56604812770596], [-58.414068037232056, -34.565996093093105], [-58.414090540211674, -34.56594743917113], [-58.41411798500997, -34.56589146313786], [-58.414140825053494, -34.56584858411095], [-58.414171162292874, -34.56579584873438], [-58.41422416249275, -34.565711642926125], [-58.414260799843085, -34.56565785369827], [-58.41429070443147, -34.565616808503854], [-58.41432989356083, -34.56556647105583], [-58.41437623669593, -34.56551071381239], [-58.41441652968697, -34.565465024763476], [-58.41445068779965, -34.56542877006522], [-58.41448501733473, -34.56539047312905], [-58.41452351451596, -34.5653584455863], [-58.41456550476251, -34.56532163059216], [-58.414621972403346, -34.565275454961785], [-58.41467417950476, -34.56523617916239], [-58.4147189748319, -34.56520633721046], [-58.41476734465124, -34.56517804599159], [-58.41482618634121, -34.56514799831137], [-58.4148829821971, -34.56512259777694], [-58.41493398373794, -34.56510670216404], [-58.415003629582216, -34.56508898288261], [-58.41505675706906, -34.56507696138082], [-58.415131508655335, -34.565062624397235], [-58.41520404491555, -34.56505166684837], [-58.41527385524717, -34.56504380684118], [-58.41534128086205, -34.565037847306016], [-58.41546736123637, -34.5650303614013], [-58.41556253686673, -34.565027933815195], [-58.41563923837479, -34.565027470816474], [-58.41570189315623, -34.56502777695786], [-58.415783871619915, -34.56502914695039], [-58.4158894296605, -34.5650325683444], [-58.41597625865036, -34.56503717959671], [-58.416042401220224, -34.565041923629074], [-58.416096710904036, -34.56504659262675], [-58.41616761936266, -34.56505373285092], [-58.416275981198595, -34.565066943933026], [-58.41633488514851, -34.56507647385226], [-58.41639787352754, -34.56508917439359], [-58.416453881025795, -34.56510243561597], [-58.416526059480645, -34.56512211159607], [-58.41657968159474, -34.565138611351905], [-58.416636196665, -34.565157717879025], [-58.41671322227079, -34.565186902844594], [-58.41678641594059, -34.56521819902224], [-58.416855607887, -34.565250761265915], [-58.41692326654427, -34.565285153912406], [-58.416973903224985, -34.56531263850841], [-58.417029815421465, -34.56534470264458], [-58.41707576990323, -34.565372467119445], [-58.41713414805119, -34.56540974351901], [-58.417178313524914, -34.56543997211924], [-58.41723719885383, -34.565483938942954], [-58.4172920824985, -34.565529101438294], [-58.41734798547175, -34.565578419309595], [-58.41740269569053, -34.56562956773108], [-58.417442259158264, -34.56566930174735], [-58.41749185958812, -34.56572432152967], [-58.41752843993638, -34.565770744679845], [-58.41757088483745, -34.56583442390043], [-58.41759869667016, -34.56588126628791], [-58.41763424477033, -34.56594747816783], [-58.41767727067587, -34.56603876378154], [-58.41789762070706, -34.566582767755335]]}}, {"type": "Feature", "properties": {"id": 3921, "nombre": "ZAPATA", "tipo": "Ciclovías", "comuna": 14, "barrio": "Palermo", "longitud_m": 146.1}, "geometry": {"type": "LineString", "coordinates": [[-58.438383907664615, -34.575359865345334], [-58.439210013746326, -34.57478001979613], [-58.439599345951905, -34.57450917518309]]}}, {"type": "Feature", "properties": {"id": 5364, "nombre": "CORDOBA AV.", "tipo": "Ciclovías mano única", "comuna": 15, "barrio": "Chacarita", "longitud_m": 127.95}, "geometry": {"type": "LineString", "coordinates": [[-58.44763709025947, -34.583288173360835], [-58.44887522865068, -34.58275747116991]]}}, {"type": "Feature", "properties": {"id": 9578, "nombre": "PADILLA", "tipo": "Ciclovías", "comuna": 15, "barrio": "Villa Crespo", "longitud_m": 98.17}, "geometry": {"type": "LineString", "coordinates": [[-58.44051490479776, -34.602043985107564], [-58.44109040499388, -34.601297882654436]]}}, {"type": "Feature", "properties": {"id": 11870, "nombre": "OTAMENDI", "tipo": "Ciclovías", "comuna": 6, "barrio": "Caballito", "longitud_m": 135.38}, "geometry": {"type": "LineString", "coordinates": [[-58.433750484078665, -34.61083928120862], [-58.434278544430825, -34.60969967391037]]}}, {"type": "Feature", "properties": {"id": 2338, "nombre": "MIGUELETES", "tipo": "Ciclovías", "comuna": 14, "barrio": "Palermo", "longitud_m": 117.69}, "geometry": {"type": "LineString", "coordinates": [[-58.438811161318036, -34.563664570685035], [-58.439850318600215, -34.563042859896]]}}, {"type": "Feature", "properties": {"id": 28561, "nombre": "CORRIENTES AV.", "tipo": "Ciclovías mano única", "comuna": 15, "barrio": "Chacarita", "longitud_m": 75.48}, "geometry": {"type": "LineString", "coordinates": [[-58.45076843528564, -34.588690532901154], [-58.45085274040739, -34.58873591577561], [-58.45101312131334, -34.58880231862481], [-58.45121659473598, -34.58882758099268], [-58.451526658418246, -34.58871848149433]]}}, {"type": "Feature", "properties": {"id": 2068, "nombre": "DE LOS OMBUES AV.", "tipo": "Ciclovías", "comuna": 14, "barrio": "Palermo", "longitud_m": 333.94}, "geometry": {"type": "LineString", "coordinates": [[-58.428006104878406, -34.55998057727407], [-58.42814769414369, -34.560115761951906], [-58.42843232154326, -34.56038521570713], [-58.428499464598175, -34.56043326409109], [-58.42856720380586, -34.560480819638784], [-58.428635454100146, -34.56052774147691], [-58.428704300546535, -34.5605741704769], [-58.42877365804936, -34.56062003618957], [-58.42884361173262, -34.56066533863815], [-58.42891407647128, -34.5607100777976], [-58.42898505229366, -34.560754183243006], [-58.42905653914121, -34.56079779582164], [-58.429128622195826, -34.560840774708254], [-58.42920113117848, -34.56088319027837], [-58.42931049106556, -34.5609458277812], [-58.42938538452919, -34.560986272030824], [-58.42946215181209, -34.56102425191088], [-58.42954070778507, -34.56105976739437], [-58.42962079709684, -34.56109274798333], [-58.42970250492361, -34.561123052850085], [-58.42978549073078, -34.56115075232201], [-58.42986966941496, -34.561175775949124], [-58.42995504102536, -34.5611979828809], [-58.43004135012281, -34.5612175138934], [-58.4301285116305, -34.5612342281134], [-58.43021644044283, -34.56124805509193], [-58.430313648651314, -34.56126005348878], [-58.430378000175196, -34.56126795835579], [-58.430442863597854, -34.56127297593956], [-58.430507898411854, -34.56127510614778], [-58.430573019457746, -34.56127441938144], [-58.43063797138087, -34.561270845147995], [-58.43070258395164, -34.561264312978196], [-58.43076668683069, -34.561255034099396], [-58.43083010981626, -34.56124286761897], [-58.43089268259719, -34.5612279543409], [-58.430954149819634, -34.56121022377472], [-58.43101442629855, -34.561189816747735], [-58.431087645154236, -34.561160610096856]]}}, {"type": "Feature", "properties": {"id": 13851, "nombre": "MENDEZ DE ANDES", "tipo": "Ciclovías", "comuna": 6, "barrio": "Caballito", "longitud_m": 128.09}, "geometry": {"type": "LineString", "coordinates": [[-58.4538615152372, -34.61750124452619], [-58.45517362891657, -34.61789669609284]]}}, {"type": "Feature", "properties": {"id": 5829, "nombre": "CORDOBA AV.", "tipo": "Ciclovías mano única", "comuna": 14, "barrio": "Palermo", "longitud_m": 130.37}, "geometry": {"type": "LineString", "coordinates": [[-58.443478573934314, -34.58540084654664], [-58.444587048462864, -34.58466565619218]]}}, {"type": "Feature", "properties": {"id": 7465, "nombre": "GORRITI", "tipo": "Ciclovías", "comuna": 14, "barrio": "Palermo", "longitud_m": 98.65}, "geometry": {"type": "LineString", "coordinates": [[-58.42608479722341, -34.59278909291613], [-58.426866807928675, -34.592178755305]]}}, {"type": "Feature", "properties": {"id": 5154, "nombre": "ROSETI", "tipo": "Ciclovías", "comuna": 15, "barrio": "Chacarita", "longitud_m": 159.15}, "geometry": {"type": "LineString", "coordinates": [[-58.45670710584234, -34.58216334582142], [-58.45840494415051, -34.58186989916461]]}}, {"type": "Feature", "properties": {"id": 8768, "nombre": "CORRIENTES AV.", "tipo": "Ciclovías mano única", "comuna": 15, "barrio": "Villa Crespo", "longitud_m": 128.08}, "geometry": {"type": "LineString", "coordinates": [[-58.43976519593558, -34.598974147530036], [-58.44069413899061, -34.5981121968946]]}}, {"type": "Feature", "properties": {"id": 12960, "nombre": "TREINTA Y TRES ORIENTALES", "tipo": "Ciclovías", "comuna": 5, "barrio": "Almagro", "longitud_m": 111.52}, "geometry": {"type": "LineString", "coordinates": [[-58.424793122168595, -34.61384295005251], [-58.42456813195935, -34.61483084952564]]}}, {"type": "Feature", "properties": {"id": 8462, "nombre": "CORDOBA AV.", "tipo": "Ciclovías mano única", "comuna": 14, "barrio": "Palermo", "longitud_m": 155.5}, "geometry": {"type": "LineString", "coordinates": [[-58.42336930425086, -34.59774487338942], [-58.42354330446549, -34.597628629209986], [-58.424844981666965, -34.59706138383529]]}}, {"type": "Feature", "properties": {"id": 10926, "nombre": "POTOSI", "tipo": "Ciclovías", "comuna": 5, "barrio": "Almagro", "longitud_m": 136.93}, "geometry": {"type": "LineString", "coordinates": [[-58.42766406977814, -34.607275211048375], [-58.42894373501275, -34.60717959080854], [-58.42915070979507, -34.60716302895823]]}}, {"type": "Feature", "properties": {"id": 15097, "nombre": "DOBLAS", "tipo": "Ciclovías", "comuna": 6, "barrio": "Caballito", "longitud_m": 181.51}, "geometry": {"type": "LineString", "coordinates": [[-58.431092765326504, -34.620931344144616], [-58.43081724960066, -34.62230473818071], [-58.43076076201792, -34.62254423299352]]}}, {"type": "Feature", "properties": {"id": 13631, "nombre": "QUITO", "tipo": "Ciclovías", "comuna": 5, "barrio": "Almagro", "longitud_m": 132.17}, "geometry": {"type": "LineString", "coordinates": [[-58.42735713283207, -34.61710278861986], [-58.42879471753603, -34.61718609207695]]}}, {"type": "Feature", "properties": {"id": 13618, "nombre": "LINIERS VIRREY", "tipo": "Ciclovías", "comuna": 5, "barrio": "Almagro", "longitud_m": 57.68}, "geometry": {"type": "LineString", "coordinates": [[-58.41425775891941, -34.61663061433112], [-58.41420506715547, -34.6171486982755]]}}, {"type": "Feature", "properties": {"id": 4484, "nombre": "GUATEMALA", "tipo": "Ciclovías", "comuna": 14, "barrio": "Palermo", "longitud_m": 129.34}, "geometry": {"type": "LineString", "coordinates": [[-58.43398952382224, -34.57872994016382], [-58.43500385116233, -34.577920375346075]]}}, {"type": "Feature", "properties": {"id": 1540, "nombre": "OBLIGADO RAFAEL, AV.COSTANERA", "tipo": "Ciclovías", "comuna": 14, "barrio": "Palermo", "longitud_m": 329.9}, "geometry": {"type": "LineString", "coordinates": [[-58.4131998612302, -34.55596687205611], [-58.41365404079936, -34.55571329032101], [-58.41477935093066, -34.555143601095246], [-58.415246604340275, -34.55494761709182], [-58.41576127423582, -34.554754154046975], [-58.41635766228512, -34.55456656359787]]}}, {"type": "Feature", "properties": {"id": 5479, "nombre": "ROSETI", "tipo": "Ciclovías", "comuna": 15, "barrio": "Chacarita", "longitud_m": 108.52}, "geometry": {"type": "LineString", "coordinates": [[-58.45174734786293, -34.58382638793162], [-58.452767059971016, -34.58333076692129]]}}, {"type": "Feature", "properties": {"id": 8559, "nombre": "PADILLA", "tipo": "Ciclovías", "comuna": 15, "barrio": "Villa Crespo", "longitud_m": 130.27}, "geometry": {"type": "LineString", "coordinates": [[-58.44469347852934, -34.5980630123174], [-58.445531981948555, -34.59730382943301], [-58.44565140177326, -34.59719609856159]]}}, {"type": "Feature", "properties": {"id": 4224, "nombre": "DEL LIBERTADOR AV.", "tipo": "Ciclovías", "comuna": 14, "barrio": "Palermo", "longitud_m": 102.58}, "geometry": {"type": "LineString", "coordinates": [[-58.40995844247456, -34.57723959231155], [-58.41072740056463, -34.576896750342364], [-58.41094184667112, -34.57679979840107]]}}, {"type": "Feature", "properties": {"id": 6737, "nombre": "SERRANO", "tipo": "Ciclovías", "comuna": 14, "barrio": "Palermo", "longitud_m": 60.41}, "geometry": {"type": "LineString", "coordinates": [[-58.43120968026304, -34.589389222885096], [-58.43069284297996, -34.589051826540654]]}}, {"type": "Feature", "properties": {"id": 5075, "nombre": "RAVIGNANI, EMILIO, DR.", "tipo": "Ciclovías", "comuna": 14, "barrio": "Palermo", "longitud_m": 131.72}, "geometry": {"type": "LineString", "coordinates": [[-58.43938510846347, -34.581743919662166], [-58.43839775632837, -34.580882016036306]]}}, {"type": "Feature", "properties": {"id": 3237, "nombre": "FIGUEROA ALCORTA, PRES. AV.", "tipo": "Ciclovías", "comuna": 14, "barrio": "Palermo", "longitud_m": 264.97}, "geometry": {"type": "LineString", "coordinates": [[-58.413353730875656, -34.57051976958133], [-58.41530275497524, -34.569121227174], [-58.415537690814446, -34.56895731752613]]}}, {"type": "Feature", "properties": {"id": 10950, "nombre": "PERON, JUAN DOMINGO, TTE. GENERAL", "tipo": "Ciclovías", "comuna": 5, "barrio": "Almagro", "longitud_m": 77.3}, "geometry": {"type": "LineString", "coordinates": [[-58.41393939419971, -34.60734529069359], [-58.41474626206453, -34.60714434398613]]}}, {"type": "Feature", "properties": {"id": 9217, "nombre": "LOYOLA", "tipo": "Ciclovías", "comuna": 15, "barrio": "Villa Crespo", "longitud_m": 58.42}, "geometry": {"type": "LineString", "coordinates": [[-58.431039920475634, -34.60074872957914], [-58.431429541222464, -34.600332135405424]]}}, {"type": "Feature", "properties": {"id": 27863, "nombre": "SERRANO", "tipo": "Ciclovías", "comuna": 14, "barrio": "Palermo", "longitud_m": 17.81}, "geometry": {"type": "LineString", "coordinates": [[-58.43069284297996, -34.589051826540654], [-58.43054045720114, -34.58895241781307]]}}, {"type": "Feature", "properties": {"id": 6865, "nombre": "GORRITI", "tipo": "Ciclovías", "comuna": 14, "barrio": "Palermo", "longitud_m": 111.19}, "geometry": {"type": "LineString", "coordinates": [[-58.43025247775376, -34.59000404842814], [-58.43120968026304, -34.589389222885096]]}}, {"type": "Feature", "properties": {"id": 9270, "nombre": "ESTADO DE ISRAEL AV.", "tipo": "Ciclovías", "comuna": 15, "barrio": "Villa Crespo", "longitud_m": 18.1}, "geometry": {"type": "LineString", "coordinates": [[-58.431039920475634, -34.60074872957914], [-58.431156035323234, -34.600880663657435]]}}, {"type": "Feature", "properties": {"id": 4361, "nombre": "BULLRICH, INT. AV.", "tipo": "Ciclovías", "comuna": 14, "barrio": "Palermo", "longitud_m": 431.46}, "geometry": {"type": "LineString", "coordinates": [[-58.4249896110082, -34.574556239745846], [-58.425250742709736, -34.57509224743492], [-58.42571680833101, -34.576008818154484], [-58.42662163854858, -34.577788065189864], [-58.42653328892007, -34.57816791121093]]}}, {"type": "Feature", "properties": {"id": 10923, "nombre": "POTOSI", "tipo": "Ciclovías", "comuna": 5, "barrio": "Almagro", "longitud_m": 157.19}, "geometry": {"type": "LineString", "coordinates": [[-58.42291589816364, -34.60726823879774], [-58.424458448793196, -34.60727120444195], [-58.4246295592417, -34.607271892606654]]}}, {"type": "Feature", "properties": {"id": 6067, "nombre": "DIAZ, CNEL. AV.", "tipo": "Ciclovías", "comuna": 14, "barrio": "Palermo", "longitud_m": 50.89}, "geometry": {"type": "LineString", "coordinates": [[-58.40831947180599, -34.58654558532527], [-58.408138866198556, -34.58628852746811], [-58.40804103537844, -34.586148832858065]]}}, {"type": "Feature", "properties": {"id": 31085, "nombre": "BRAVARD", "tipo": "Ciclovías", "comuna": 6, "barrio": "Caballito", "longitud_m": 24.81}, "geometry": {"type": "LineString", "coordinates": [[-58.43778070849815, -34.60511348972574], [-58.437976390652004, -34.60495909160835]]}}, {"type": "Feature", "properties": {"id": 12452, "nombre": "OTAMENDI", "tipo": "Ciclovías", "comuna": 6, "barrio": "Caballito", "longitud_m": 101.16}, "geometry": {"type": "LineString", "coordinates": [[-58.43279172576253, -34.61298956729703], [-58.432833678025126, -34.61286718177813], [-58.43315685384591, -34.61212936481211]]}}, {"type": "Feature", "properties": {"id": 9859, "nombre": "GALLARDO, ANGEL AV.", "tipo": "Ciclovías mano única", "comuna": 15, "barrio": "Villa Crespo", "longitud_m": 5.15}, "geometry": {"type": "LineString", "coordinates": [[-58.43386732347795, -34.602935252215204], [-58.433915519999786, -34.602959067006]]}}, {"type": "Feature", "properties": {"id": 7723, "nombre": "SERRANO", "tipo": "Ciclovías", "comuna": 15, "barrio": "Villa Crespo", "longitud_m": 125.19}, "geometry": {"type": "LineString", "coordinates": [[-58.43891751729581, -34.594173058801054], [-58.43781201824601, -34.5935114135224]]}}, {"type": "Feature", "properties": {"id": 5878, "nombre": "FOREST AV.", "tipo": "Ciclovías mano única", "comuna": 15, "barrio": "Chacarita", "longitud_m": 68.65}, "geometry": {"type": "LineString", "coordinates": [[-58.453516340144596, -34.585676505548776], [-58.453965732432245, -34.58518167270936]]}}, {"type": "Feature", "properties": {"id": 5718, "nombre": "GARCIA, TEODORO", "tipo": "Ciclovías mano única", "comuna": 15, "barrio": "Chacarita", "longitud_m": 30.77}, "geometry": {"type": "LineString", "coordinates": [[-58.455367809592644, -34.585140056403034], [-58.455501503711275, -34.585394456348936]]}}, {"type": "Feature", "properties": {"id": 11991, "nombre": "JAURETCHE, ARTURO", "tipo": "Ciclovías", "comuna": 6, "barrio": "Caballito", "longitud_m": 145.67}, "geometry": {"type": "LineString", "coordinates": [[-58.43667384438476, -34.61070403686809], [-58.43809388494603, -34.61129202262376]]}}, {"type": "Feature", "properties": {"id": 4243, "nombre": "SARMIENTO AV.", "tipo": "Ciclovías", "comuna": 14, "barrio": "Palermo", "longitud_m": 253.62}, "geometry": {"type": "LineString", "coordinates": [[-58.4172704158941, -34.57734940180585], [-58.41557610912088, -34.57554308242817]]}}, {"type": "Feature", "properties": {"id": 5586, "nombre": "GODOY CRUZ", "tipo": "Ciclovías", "comuna": 14, "barrio": "Palermo", "longitud_m": 120.27}, "geometry": {"type": "LineString", "coordinates": [[-58.430175302671465, -34.584273504040894], [-58.43003529678381, -34.58411381518487], [-58.42940625595752, -34.58339560090001]]}}, {"type": "Feature", "properties": {"id": 8463, "nombre": "ACUÑA DE FIGUEROA, FRANCISCO", "tipo": "Ciclovías", "comuna": 14, "barrio": "Palermo", "longitud_m": 146.58}, "geometry": {"type": "LineString", "coordinates": [[-58.42177967769403, -34.597734404132424], [-58.42151692306705, -34.59643112466026]]}}, {"type": "Feature", "properties": {"id": 13255, "nombre": "NEUQUEN", "tipo": "Ciclovías", "comuna": 6, "barrio": "Caballito", "longitud_m": 13.94}, "geometry": {"type": "LineString", "coordinates": [[-58.448995234858565, -34.615841806085996], [-58.44914685835537, -34.61583266872265]]}}, {"type": "Feature", "properties": {"id": 10354, "nombre": "BRAVARD", "tipo": "Ciclovías", "comuna": 15, "barrio": "Villa Crespo", "longitud_m": 154.58}, "geometry": {"type": "LineString", "coordinates": [[-58.437976390652004, -34.60495909160835], [-58.43902276342479, -34.603866823345456]]}}, {"type": "Feature", "properties": {"id": 9204, "nombre": "CORRIENTES AV.", "tipo": "Ciclovías mano única", "comuna": 15, "barrio": "Villa Crespo", "longitud_m": 136.39}, "geometry": {"type": "LineString", "coordinates": [[-58.43622352344329, -34.600725130398416], [-58.43760172735821, -34.60026380159824]]}}, {"type": "Feature", "properties": {"id": 15719, "nombre": "DOBLAS", "tipo": "Ciclovías", "comuna": 6, "barrio": "Caballito", "longitud_m": 79.96}, "geometry": {"type": "LineString", "coordinates": [[-58.430422938236575, -34.62397845490656], [-58.43038530663705, -34.62413844660228], [-58.43025841292997, -34.62468630590285]]}}, {"type": "Feature", "properties": {"id": 33054, "nombre": "OLLEROS AV.", "tipo": "Ciclovías", "comuna": 14, "barrio": "Palermo", "longitud_m": 31.77}, "geometry": {"type": "LineString", "coordinates": [[-58.43610924526185, -34.563182385497086], [-58.43615567511458, -34.5632495024309], [-58.436197946115804, -34.5633137506197], [-58.43624507295149, -34.56336997001988], [-58.43628977317185, -34.56342647564485]]}}, {"type": "Feature", "properties": {"id": 12467, "nombre": "LINIERS VIRREY", "tipo": "Ciclovías", "comuna": 5, "barrio": "Almagro", "longitud_m": 139.97}, "geometry": {"type": "LineString", "coordinates": [[-58.41533710490443, -34.61187562916196], [-58.41478634857669, -34.61305232854091]]}}, {"type": "Feature", "properties": {"id": 3285, "nombre": "DORREGO AV.", "tipo": "Ciclovías", "comuna": 14, "barrio": "Palermo", "longitud_m": 86.47}, "geometry": {"type": "LineString", "coordinates": [[-58.42407726279497, -34.57082298184812], [-58.42370930222082, -34.57040955107399], [-58.42362029760446, -34.570348291360766], [-58.423440171641616, -34.57026584702274]]}}, {"type": "Feature", "properties": {"id": 12046, "nombre": "VALLESE, FELIPE", "tipo": "Ciclovías", "comuna": 6, "barrio": "Caballito", "longitud_m": 29.95}, "geometry": {"type": "LineString", "coordinates": [[-58.44084659386512, -34.61135199771754], [-58.44102782648982, -34.61143625743847], [-58.44113547846408, -34.61147747478822]]}}, {"type": "Feature", "properties": {"id": 30737, "nombre": "SARMIENTO AV.", "tipo": "Ciclovías", "comuna": 14, "barrio": "Palermo", "longitud_m": 40.72}, "geometry": {"type": "LineString", "coordinates": [[-58.41211595480204, -34.57163765969686], [-58.4120953144832, -34.57155990299951], [-58.412071601892954, -34.571494257927974], [-58.41203340644682, -34.571444663430476], [-58.41198481828691, -34.57140520560124], [-58.411867268505574, -34.57136888779292]]}}, {"type": "Feature", "properties": {"id": 16072, "nombre": "RIGLOS", "tipo": "Ciclovías", "comuna": 6, "barrio": "Caballito", "longitud_m": 158.7}, "geometry": {"type": "LineString", "coordinates": [[-58.436227966312465, -34.624558902113215], [-58.436200410953646, -34.62598926433341]]}}, {"type": "Feature", "properties": {"id": 100, "nombre": "FIGUEROA ALCORTA, PRES. AV.", "tipo": "Ciclovías", "comuna": 14, "barrio": "Palermo", "longitud_m": 27.95}, "geometry": {"type": "LineString", "coordinates": [[-58.41982979340612, -34.56552974977226], [-58.42008769057804, -34.56539579027669]]}}, {"type": "Feature", "properties": {"id": 6538, "nombre": "CORDOBA AV.", "tipo": "Ciclovías mano única", "comuna": 14, "barrio": "Palermo", "longitud_m": 104.22}, "geometry": {"type": "LineString", "coordinates": [[-58.43849922876373, -34.58869034646916], [-58.43861582418158, -34.588620157619395], [-58.43939052324503, -34.58810811982353]]}}, {"type": "Feature", "properties": {"id": 7262, "nombre": "CORRIENTES AV.", "tipo": "Ciclovías mano única", "comuna": 15, "barrio": "Chacarita", "longitud_m": 160.22}, "geometry": {"type": "LineString", "coordinates": [[-58.44759966059718, -34.59170240115051], [-58.44788992342673, -34.591429334934034], [-58.44874979972005, -34.59061555339416]]}}, {"type": "Feature", "properties": {"id": 10541, "nombre": "BILLINGHURST", "tipo": "Ciclovías", "comuna": 5, "barrio": "Almagro", "longitud_m": 94.23}, "geometry": {"type": "LineString", "coordinates": [[-58.41603063959698, -34.605669334177776], [-58.41586290447572, -34.60483129912894]]}}, {"type": "Feature", "properties": {"id": 9455, "nombre": "CORRIENTES AV.", "tipo": "Ciclovías mano única", "comuna": 15, "barrio": "Villa Crespo", "longitud_m": 111.92}, "geometry": {"type": "LineString", "coordinates": [[-58.43372174755523, -34.60156259060627], [-58.43485262937974, -34.6011840508947]]}}, {"type": "Feature", "properties": {"id": 2416, "nombre": "DEL LIBERTADOR AV.", "tipo": "Ciclovías", "comuna": 14, "barrio": "Palermo", "longitud_m": 104.6}, "geometry": {"type": "LineString", "coordinates": [[-58.435491583099534, -34.56425450612577], [-58.43640910943142, -34.563695071770404]]}}, {"type": "Feature", "properties": {"id": 1079, "nombre": "OBLIGADO RAFAEL, AV.COSTANERA", "tipo": "Ciclovías", "comuna": 14, "barrio": "Palermo", "longitud_m": 88.39}, "geometry": {"type": "LineString", "coordinates": [[-58.42602614493797, -34.55229840596255], [-58.42690391923337, -34.551970775786536]]}}, {"type": "Feature", "properties": {"id": 29702, "nombre": "DORREGO AV.", "tipo": "Ciclovías", "comuna": 14, "barrio": "Palermo", "longitud_m": 236.56}, "geometry": {"type": "LineString", "coordinates": [[-58.423440171641616, -34.57026584702274], [-58.42307687733174, -34.56997426503214], [-58.42243751345392, -34.56929263028358], [-58.421981610326526, -34.56880450904132], [-58.42185571772011, -34.56859481415464]]}}, {"type": "Feature", "properties": {"id": 10025, "nombre": "GALLARDO, ANGEL AV.", "tipo": "Ciclovías mano única", "comuna": 15, "barrio": "Villa Crespo", "longitud_m": 132.22}, "geometry": {"type": "LineString", "coordinates": [[-58.433915519999786, -34.602959067006], [-58.43497329606699, -34.6034810151135], [-58.43514990350268, -34.603574367238316]]}}, {"type": "Feature", "properties": {"id": 8163, "nombre": "SERRANO", "tipo": "Ciclovías", "comuna": 15, "barrio": "Villa Crespo", "longitud_m": 173.53}, "geometry": {"type": "LineString", "coordinates": [[-58.44259166170722, -34.59635137875842], [-58.44242961925732, -34.59627592739948], [-58.441152748710984, -34.595514211123884], [-58.44104853029583, -34.59544834602274]]}}, {"type": "Feature", "properties": {"id": 5864, "nombre": "BORGES, JORGE LUIS", "tipo": "Ciclovías", "comuna": 14, "barrio": "Palermo", "longitud_m": 147.45}, "geometry": {"type": "LineString", "coordinates": [[-58.42538449429541, -34.58559741522322], [-58.424233870952264, -34.58466950050206]]}}, {"type": "Feature", "properties": {"id": 6148, "nombre": "GORRITI", "tipo": "Ciclovías", "comuna": 14, "barrio": "Palermo", "longitud_m": 78.58}, "geometry": {"type": "LineString", "coordinates": [[-58.43466045179697, -34.586917643953846], [-58.435269961876386, -34.58642003017264]]}}, {"type": "Feature", "properties": {"id": 8775, "nombre": "ESTADO DE ISRAEL AV.", "tipo": "Ciclovías mano única", "comuna": 15, "barrio": "Villa Crespo", "longitud_m": 6.96}, "geometry": {"type": "LineString", "coordinates": [[-58.429163606309686, -34.59895861385966], [-58.42922192699142, -34.59899877163475]]}}, {"type": "Feature", "properties": {"id": 29705, "nombre": "DORREGO AV.", "tipo": "Ciclovías", "comuna": 14, "barrio": "Palermo", "longitud_m": 141.43}, "geometry": {"type": "LineString", "coordinates": [[-58.420644573769565, -34.566577141071555], [-58.420583725955076, -34.56631823899405], [-58.420499616439756, -34.56617731147142], [-58.420371379210216, -34.56596244586687], [-58.42023294016502, -34.565730485392926], [-58.42008769057804, -34.56539579027669]]}}, {"type": "Feature", "properties": {"id": 12627, "nombre": "DON BOSCO", "tipo": "Ciclovías", "comuna": 5, "barrio": "Almagro", "longitud_m": 125.43}, "geometry": {"type": "LineString", "coordinates": [[-58.42198866284637, -34.613391392881184], [-58.42212263760237, -34.61341326944912], [-58.423330970114584, -34.61360768795503]]}}, {"type": "Feature", "properties": {"id": 6132, "nombre": "GODOY CRUZ", "tipo": "Ciclovías", "comuna": 14, "barrio": "Palermo", "longitud_m": 122.86}, "geometry": {"type": "LineString", "coordinates": [[-58.43290380865871, -34.586837992329365], [-58.4318372009353, -34.58616834395535]]}}, {"type": "Feature", "properties": {"id": 9869, "nombre": "PADILLA", "tipo": "Ciclovías", "comuna": 15, "barrio": "Villa Crespo", "longitud_m": 126.29}, "geometry": {"type": "LineString", "coordinates": [[-58.43977453487653, -34.60300371826226], [-58.44051490479776, -34.602043985107564]]}}, {"type": "Feature", "properties": {"id": 9460, "nombre": "HUMAHUACA", "tipo": "Ciclovías", "comuna": 5, "barrio": "Almagro", "longitud_m": 142.49}, "geometry": {"type": "LineString", "coordinates": [[-58.423923093880276, -34.601599399964236], [-58.425465609710905, -34.6014480547063]]}}, {"type": "Feature", "properties": {"id": 5372, "nombre": "ROSETI", "tipo": "Ciclovías", "comuna": 15, "barrio": "Chacarita", "longitud_m": 121.98}, "geometry": {"type": "LineString", "coordinates": [[-58.452767059971016, -34.58333076692129], [-58.45401860186867, -34.5829599462241]]}}, {"type": "Feature", "properties": {"id": 7683, "nombre": "CORRIENTES AV.", "tipo": "Ciclovías mano única", "comuna": 15, "barrio": "Villa Crespo", "longitud_m": 102.37}, "geometry": {"type": "LineString", "coordinates": [[-58.445079036594656, -34.59404166738544], [-58.44582193418856, -34.593353173087145]]}}, {"type": "Feature", "properties": {"id": 8021, "nombre": "PADILLA", "tipo": "Ciclovías", "comuna": 15, "barrio": "Villa Crespo", "longitud_m": 102.35}, "geometry": {"type": "LineString", "coordinates": [[-58.44731736978962, -34.59569355742889], [-58.44807133282545, -34.59501357233852]]}}, {"type": "Feature", "properties": {"id": 1870, "nombre": "FIGUEROA ALCORTA, PRES. AV.", "tipo": "Ciclovías", "comuna": 14, "barrio": "Palermo", "longitud_m": 316.78}, "geometry": {"type": "LineString", "coordinates": [[-58.427484552009595, -34.559183506327784], [-58.42785036374659, -34.558893465797986], [-58.42977194016931, -34.55737101678213], [-58.42997740246505, -34.55720853415948]]}}, {"type": "Feature", "properties": {"id": 10861, "nombre": "BILLINGHURST", "tipo": "Ciclovías", "comuna": 5, "barrio": "Almagro", "longitud_m": 145.46}, "geometry": {"type": "LineString", "coordinates": [[-58.41628968052785, -34.606962903576594], [-58.41603063959698, -34.605669334177776]]}}, {"type": "Feature", "properties": {"id": 3339, "nombre": "SARMIENTO AV.", "tipo": "Ciclovías", "comuna": 14, "barrio": "Palermo", "longitud_m": 263.08}, "geometry": {"type": "LineString", "coordinates": [[-58.41121928718774, -34.570880341651446], [-58.409458451651155, -34.56900889159826]]}}, {"type": "Feature", "properties": {"id": 11853, "nombre": "FRAGATA PRES. SARMIENTO", "tipo": "Ciclovías", "comuna": 6, "barrio": "Caballito", "longitud_m": 15.48}, "geometry": {"type": "LineString", "coordinates": [[-58.45557779827824, -34.61079522027609], [-58.45566272950555, -34.61067466058071]]}}, {"type": "Feature", "properties": {"id": 10932, "nombre": "POTOSI", "tipo": "Ciclovías", "comuna": 5, "barrio": "Almagro", "longitud_m": 133.04}, "geometry": {"type": "LineString", "coordinates": [[-58.41996459491787, -34.60727715596508], [-58.42141499589534, -34.60726709896799]]}}, {"type": "Feature", "properties": {"id": 7135, "nombre": "MANSILLA, LUCIO NORBERTO, GENERAL", "tipo": "Ciclovías", "comuna": 14, "barrio": "Palermo", "longitud_m": 99.89}, "geometry": {"type": "LineString", "coordinates": [[-58.41452668158805, -34.59113027476369], [-58.41534715555433, -34.59053833636819]]}}, {"type": "Feature", "properties": {"id": 9954, "nombre": "CORRIENTES AV.", "tipo": "Ciclovías mano única", "comuna": 5, "barrio": "Almagro", "longitud_m": 133.45}, "geometry": {"type": "LineString", "coordinates": [[-58.419512449510705, -34.60331947206896], [-58.42074762029649, -34.60319518891028], [-58.420956632980094, -34.60317441624162]]}}, {"type": "Feature", "properties": {"id": 2607, "nombre": "GARCIA, TEODORO", "tipo": "Ciclovías", "comuna": 14, "barrio": "Palermo", "longitud_m": 169.01}, "geometry": {"type": "LineString", "coordinates": [[-58.44126939824819, -34.564609566341446], [-58.44235464955645, -34.56584041733289]]}}, {"type": "Feature", "properties": {"id": 9745, "nombre": "CORRIENTES AV.", "tipo": "Ciclovías mano única", "comuna": 5, "barrio": "Almagro", "longitud_m": 135.58}, "geometry": {"type": "LineString", "coordinates": [[-58.427105681052005, -34.6025648367385], [-58.42835317822166, -34.602441536575036], [-58.428573174401016, -34.60241906383438]]}}, {"type": "Feature", "properties": {"id": 7993, "nombre": "GORRITI", "tipo": "Ciclovías", "comuna": 14, "barrio": "Palermo", "longitud_m": 163.99}, "geometry": {"type": "LineString", "coordinates": [[-58.41674857334945, -34.595537905546976], [-58.416979276624566, -34.59552982419155], [-58.418534247038004, -34.59547061483575]]}}, {"type": "Feature", "properties": {"id": 8853, "nombre": "ESTADO DE ISRAEL AV.", "tipo": "Ciclovías mano única", "comuna": 15, "barrio": "Villa Crespo", "longitud_m": 53.17}, "geometry": {"type": "LineString", "coordinates": [[-58.42922192699142, -34.59899877163475], [-58.42943069679244, -34.59912566273076], [-58.4296483821731, -34.599320162615214]]}}, {"type": "Feature", "properties": {"id": 15444, "nombre": "VALLE", "tipo": "Ciclovías", "comuna": 6, "barrio": "Caballito", "longitud_m": 130.11}, "geometry": {"type": "LineString", "coordinates": [[-58.42749318662752, -34.623606499039326], [-58.42770538197087, -34.623629800848235], [-58.428895832706566, -34.62378253854276]]}}, {"type": "Feature", "properties": {"id": 10904, "nombre": "POTOSI", "tipo": "Ciclovías", "comuna": 5, "barrio": "Almagro", "longitud_m": 134.25}, "geometry": {"type": "LineString", "coordinates": [[-58.42915070979507, -34.60716302895823], [-58.430607537410246, -34.60704638408276]]}}, {"type": "Feature", "properties": {"id": 15124, "nombre": "YERBAL", "tipo": "Ciclovías", "comuna": 6, "barrio": "Caballito", "longitud_m": 98.58}, "geometry": {"type": "LineString", "coordinates": [[-58.44868969277465, -34.62215170732348], [-58.44965664418447, -34.6225398638731]]}}, {"type": "Feature", "properties": {"id": 12961, "nombre": "VALLESE, FELIPE", "tipo": "Ciclovías", "comuna": 6, "barrio": "Caballito", "longitud_m": 121.71}, "geometry": {"type": "LineString", "coordinates": [[-58.44855903170865, -34.61435053751393], [-58.44974686337877, -34.61483955491743]]}}, {"type": "Feature", "properties": {"id": 15600, "nombre": "CHIRIMAY", "tipo": "Ciclovías", "comuna": 6, "barrio": "Caballito", "longitud_m": 107.11}, "geometry": {"type": "LineString", "coordinates": [[-58.44812289890907, -34.62332186318587], [-58.44778589148778, -34.62424633857224]]}}, {"type": "Feature", "properties": {"id": 15508, "nombre": "DOBLAS", "tipo": "Ciclovías", "comuna": 6, "barrio": "Caballito", "longitud_m": 83.04}, "geometry": {"type": "LineString", "coordinates": [[-58.430595990142606, -34.62324370416906], [-58.430422938236575, -34.62397845490656]]}}, {"type": "Feature", "properties": {"id": 31442, "nombre": "VALLESE, FELIPE", "tipo": "Ciclovías", "comuna": 6, "barrio": "Caballito", "longitud_m": 13.4}, "geometry": {"type": "LineString", "coordinates": [[-58.4421405405283, -34.61186242574596], [-58.44227305892652, -34.61191319623147]]}}, {"type": "Feature", "properties": {"id": 7586, "nombre": "CORRIENTES AV.", "tipo": "Ciclovías mano única", "comuna": 15, "barrio": "Chacarita", "longitud_m": 245.23}, "geometry": {"type": "LineString", "coordinates": [[-58.44582193418856, -34.593353173087145], [-58.44596477148248, -34.59322086731563], [-58.44735061904325, -34.59193659816347], [-58.44759966059718, -34.59170240115051]]}}, {"type": "Feature", "properties": {"id": 30743, "nombre": "FIGUEROA ALCORTA, PRES. AV.", "tipo": "Ciclovías", "comuna": 14, "barrio": "Palermo", "longitud_m": 64.16}, "geometry": {"type": "LineString", "coordinates": [[-58.41211595480204, -34.57163765969686], [-58.41229528089723, -34.57141079652118], [-58.41242168820109, -34.57123612235988], [-58.41248199761148, -34.57114519708564]]}}, {"type": "Feature", "properties": {"id": 31679, "nombre": "OBLIGADO RAFAEL, AV.COSTANERA", "tipo": "Ciclovías", "comuna": 14, "barrio": "Palermo", "longitud_m": 477.37}, "geometry": {"type": "LineString", "coordinates": [[-58.40405730077401, -34.56379384402065], [-58.40408442567325, -34.56377754431823], [-58.40484887157442, -34.56312935724348], [-58.40689244173854, -34.56123422283657], [-58.40750729573488, -34.56057812395818]]}}, {"type": "Feature", "properties": {"id": 14394, "nombre": "GUAYAQUIL", "tipo": "Ciclovías", "comuna": 6, "barrio": "Caballito", "longitud_m": 147.11}, "geometry": {"type": "LineString", "coordinates": [[-58.429729378156985, -34.61962279165884], [-58.43131032071288, -34.61984688118798]]}}, {"type": "Feature", "properties": {"id": 4756, "nombre": "RAVIGNANI, EMILIO, DR.", "tipo": "Ciclovías", "comuna": 14, "barrio": "Palermo", "longitud_m": 69.01}, "geometry": {"type": "LineString", "coordinates": [[-58.43771779846155, -34.5802884135983], [-58.43753963884066, -34.58013288024841], [-58.437200430821015, -34.57983695754751]]}}, {"type": "Feature", "properties": {"id": 9476, "nombre": "CORRIENTES AV.", "tipo": "Ciclovías mano única", "comuna": 15, "barrio": "Villa Crespo", "longitud_m": 24.45}, "geometry": {"type": "LineString", "coordinates": [[-58.433474650605795, -34.60164527819773], [-58.43372174755523, -34.60156259060627]]}}, {"type": "Feature", "properties": {"id": 32419, "nombre": "PUENTE CABALLITO", "tipo": "Ciclovías", "comuna": 6, "barrio": "Caballito", "longitud_m": 47.92}, "geometry": {"type": "LineString", "coordinates": [[-58.44965664418447, -34.6225398638731], [-58.44978911078191, -34.6225398559574], [-58.449875666858354, -34.62252984781927], [-58.44992760505476, -34.622494077309575], [-58.44994492252109, -34.622451147970615], [-58.44993558535214, -34.622409997682304], [-58.44989819476894, -34.62237529804165], [-58.449848000076756, -34.62233093057352]]}}, {"type": "Feature", "properties": {"id": 3340, "nombre": "ROLDAN, BELISARIO AV.", "tipo": "Ciclovías", "comuna": 14, "barrio": "Palermo", "longitud_m": 167.28}, "geometry": {"type": "LineString", "coordinates": [[-58.41154453812674, -34.57110482100092], [-58.41165368767707, -34.57105456592973], [-58.411733825663944, -34.57101276797933], [-58.41179471636195, -34.570981807145714], [-58.41184513262978, -34.57095534900002], [-58.41189495335404, -34.57092818634301], [-58.41194434871741, -34.570900460094904], [-58.41199314844945, -34.570872170184636], [-58.41204152286279, -34.570843246260495], [-58.41208938682189, -34.57081368828726], [-58.41213665510506, -34.570783637077696], [-58.41218341293317, -34.57075295182028], [-58.412229575127796, -34.570721702903896], [-58.412275226823475, -34.57068989036482], [-58.4123201977504, -34.57065751413245], [-58.41236465813489, -34.570624644702605], [-58.41240852292792, -34.57059114119239], [-58.41245179200058, -34.570557214874285], [-58.41249361370719, -34.57052335836219], [-58.41253977818393, -34.570487954314345], [-58.41259523540868, -34.57043093395229], [-58.4126440509181, -34.570375812255556], [-58.4126899727753, -34.570319069587875], [-58.41273291589178, -34.57026063549331], [-58.41277262469802, -34.57020079156494], [-58.412809184333135, -34.57013953784118], [-58.41283901495649, -34.57008384481784]]}}, {"type": "Feature", "properties": {"id": 6438, "nombre": "GORRITI", "tipo": "Ciclovías", "comuna": 14, "barrio": "Palermo", "longitud_m": 104.77}, "geometry": {"type": "LineString", "coordinates": [[-58.43313119735605, -34.588155254985246], [-58.4339478726429, -34.58749509046104]]}}, {"type": "Feature", "properties": {"id": 1666, "nombre": "FIGUEROA ALCORTA, PRES. AV.", "tipo": "Ciclovías", "comuna": 14, "barrio": "Palermo", "longitud_m": 524.19}, "geometry": {"type": "LineString", "coordinates": [[-58.42997740246505, -34.55720853415948], [-58.430198530973996, -34.557034012909604], [-58.43204237021032, -34.55557256429784], [-58.43411810056931, -34.5539541183103]]}}, {"type": "Feature", "properties": {"id": 10036, "nombre": "CUCHA CUCHA", "tipo": "Ciclovías", "comuna": 15, "barrio": "Villa Crespo", "longitud_m": 116.46}, "geometry": {"type": "LineString", "coordinates": [[-58.45518345274707, -34.60360748582258], [-58.45595327804051, -34.60277266290618]]}}, {"type": "Feature", "properties": {"id": 10623, "nombre": "ACUÑA DE FIGUEROA, FRANCISCO", "tipo": "Ciclovías", "comuna": 5, "barrio": "Almagro", "longitud_m": 145.76}, "geometry": {"type": "LineString", "coordinates": [[-58.422814477345874, -34.606000370067605], [-58.4228041281478, -34.60468647423516]]}}, {"type": "Feature", "properties": {"id": 9234, "nombre": "CORRIENTES AV.", "tipo": "Ciclovías mano única", "comuna": 15, "barrio": "Villa Crespo", "longitud_m": 16.51}, "geometry": {"type": "LineString", "coordinates": [[-58.43605666612025, -34.60078100961173], [-58.43622352344329, -34.600725130398416]]}}, {"type": "Feature", "properties": {"id": 28564, "nombre": "CORRIENTES AV.", "tipo": "Ciclovías mano única", "comuna": 15, "barrio": "Chacarita", "longitud_m": 89.35}, "geometry": {"type": "LineString", "coordinates": [[-58.454083295440604, -34.58775398089667], [-58.454844717939075, -34.587469617837456], [-58.45497420227809, -34.58742906429993]]}}, {"type": "Feature", "properties": {"id": 5153, "nombre": "FOREST AV.", "tipo": "Ciclovías mano única", "comuna": 15, "barrio": "Chacarita", "longitud_m": 195.19}, "geometry": {"type": "LineString", "coordinates": [[-58.45670710584234, -34.58216334582142], [-58.45798345627967, -34.58075577626799]]}}, {"type": "Feature", "properties": {"id": 9514, "nombre": "HUMAHUACA", "tipo": "Ciclovías", "comuna": 5, "barrio": "Almagro", "longitud_m": 142.25}, "geometry": {"type": "LineString", "coordinates": [[-58.42238321273667, -34.60175051532912], [-58.423923093880276, -34.601599399964236]]}}, {"type": "Feature", "properties": {"id": 8503, "nombre": "CORDOBA AV.", "tipo": "Ciclovías mano única", "comuna": 14, "barrio": "Palermo", "longitud_m": 115.85}, "geometry": {"type": "LineString", "coordinates": [[-58.41600287580789, -34.59785420510173], [-58.416161449647205, -34.59785194248211], [-58.417265255489994, -34.59782510994273]]}}, {"type": "Feature", "properties": {"id": 12416, "nombre": "FRAGATA PRES. SARMIENTO", "tipo": "Ciclovías", "comuna": 6, "barrio": "Caballito", "longitud_m": 109.41}, "geometry": {"type": "LineString", "coordinates": [[-58.45414202561532, -34.61280937369936], [-58.454754881197964, -34.611963279975996]]}}, {"type": "Feature", "properties": {"id": 5040, "nombre": "HUMBOLDT", "tipo": "Ciclovías", "comuna": 14, "barrio": "Palermo", "longitud_m": 81.53}, "geometry": {"type": "LineString", "coordinates": [[-58.4316539798396, -34.58161518576187], [-58.43104275298748, -34.58108177640966]]}}, {"type": "Feature", "properties": {"id": 14620, "nombre": "LINIERS VIRREY", "tipo": "Ciclovías", "comuna": 5, "barrio": "Almagro", "longitud_m": 121.14}, "geometry": {"type": "LineString", "coordinates": [[-58.413941217598506, -34.61966298914265], [-58.41382582822736, -34.62075077244928]]}}, {"type": "Feature", "properties": {"id": 10928, "nombre": "POTOSI", "tipo": "Ciclovías", "comuna": 5, "barrio": "Almagro", "longitud_m": 142.4}, "geometry": {"type": "LineString", "coordinates": [[-58.4246295592417, -34.607271892606654], [-58.426181988542865, -34.607278079073865]]}}, {"type": "Feature", "properties": {"id": 30729, "nombre": "OBLIGADO RAFAEL, AV.COSTANERA", "tipo": "Ciclovías", "comuna": 14, "barrio": "Palermo", "longitud_m": 77.5}, "geometry": {"type": "LineString", "coordinates": [[-58.40121083055799, -34.56791553289253], [-58.40100873749792, -34.56771404741195], [-58.40096092890342, -34.567279013783306]]}}, {"type": "Feature", "properties": {"id": 27583, "nombre": "PATRICIAS ARGENTINAS AV.", "tipo": "Ciclovías", "comuna": 6, "barrio": "Caballito", "longitud_m": 76.47}, "geometry": {"type": "LineString", "coordinates": [[-58.43290581244917, -34.60635344714706], [-58.43293800922326, -34.606226551754936], [-58.43298000219334, -34.606109161580584], [-58.43303812972959, -34.60599177539233], [-58.43310271193273, -34.60587172257576], [-58.4331511458111, -34.605789020477665], [-58.43320431268266, -34.60571379355062]]}}, {"type": "Feature", "properties": {"id": 9193, "nombre": "ALVAREZ, JULIAN", "tipo": "Ciclovías", "comuna": 15, "barrio": "Villa Crespo", "longitud_m": 116.12}, "geometry": {"type": "LineString", "coordinates": [[-58.43615183120527, -34.60067271929583], [-58.435149650479175, -34.600033256976864]]}}, {"type": "Feature", "properties": {"id": 5961, "nombre": "GORRITI", "tipo": "Ciclovías", "comuna": 14, "barrio": "Palermo", "longitud_m": 70.87}, "geometry": {"type": "LineString", "coordinates": [[-58.43570298417559, -34.58607075644991], [-58.43625890501118, -34.58562721100198]]}}, {"type": "Feature", "properties": {"id": 12789, "nombre": "OTAMENDI", "tipo": "Ciclovías", "comuna": 6, "barrio": "Caballito", "longitud_m": 68.46}, "geometry": {"type": "LineString", "coordinates": [[-58.432367656887195, -34.614280745231255], [-58.43256191487738, -34.613684941397686]]}}, {"type": "Feature", "properties": {"id": 7339, "nombre": "LOYOLA", "tipo": "Ciclovías", "comuna": 15, "barrio": "Villa Crespo", "longitud_m": 83.16}, "geometry": {"type": "LineString", "coordinates": [[-58.439104095291235, -34.5921335549396], [-58.43965956967561, -34.59154118902842]]}}, {"type": "Feature", "properties": {"id": 30724, "nombre": "OBLIGADO RAFAEL, AV.COSTANERA", "tipo": "Ciclovías", "comuna": 14, "barrio": "Palermo", "longitud_m": 132.52}, "geometry": {"type": "LineString", "coordinates": [[-58.408609926346195, -34.55936655116247], [-58.40915107380006, -34.55886259718073], [-58.40956702799057, -34.55847211312832]]}}, {"type": "Feature", "properties": {"id": 30739, "nombre": "SARMIENTO AV.", "tipo": "Ciclovías", "comuna": 14, "barrio": "Palermo", "longitud_m": 38.87}, "geometry": {"type": "LineString", "coordinates": [[-58.41154453812674, -34.57110482100092], [-58.41121928718774, -34.570880341651446]]}}, {"type": "Feature", "properties": {"id": 30728, "nombre": "OBLIGADO RAFAEL, AV.COSTANERA", "tipo": "Ciclovías", "comuna": 14, "barrio": "Palermo", "longitud_m": 94.99}, "geometry": {"type": "LineString", "coordinates": [[-58.40221465335012, -34.567916690783704], [-58.40192413621321, -34.567933959190256], [-58.40165885965492, -34.567979102257034], [-58.401427281714184, -34.56800104299546], [-58.40121083055799, -34.56791553289253]]}}, {"type": "Feature", "properties": {"id": 7255, "nombre": "DIAZ, CNEL. AV.", "tipo": "Ciclovías", "comuna": 14, "barrio": "Palermo", "longitud_m": 180.71}, "geometry": {"type": "LineString", "coordinates": [[-58.41232958857011, -34.59167593537616], [-58.411191454640225, -34.59034641817538]]}}, {"type": "Feature", "properties": {"id": 9582, "nombre": "HUMAHUACA", "tipo": "Ciclovías", "comuna": 5, "barrio": "Almagro", "longitud_m": 133.27}, "geometry": {"type": "LineString", "coordinates": [[-58.41934184576777, -34.60204932124651], [-58.42078447285654, -34.601907576766514]]}}, {"type": "Feature", "properties": {"id": 5394, "nombre": "GODOY CRUZ", "tipo": "Ciclovías", "comuna": 14, "barrio": "Palermo", "longitud_m": 41.28}, "geometry": {"type": "LineString", "coordinates": [[-58.42940625595752, -34.58339560090001], [-58.42914233608737, -34.583094254217734]]}}, {"type": "Feature", "properties": {"id": 16735, "nombre": "RIGLOS", "tipo": "Ciclovías", "comuna": 6, "barrio": "Caballito", "longitud_m": 141.7}, "geometry": {"type": "LineString", "coordinates": [[-58.435935890790326, -34.6270314704107], [-58.435648802329275, -34.628286560256086]]}}, {"type": "Feature", "properties": {"id": 15300, "nombre": "DOBLAS", "tipo": "Ciclovías", "comuna": 6, "barrio": "Caballito", "longitud_m": 79.05}, "geometry": {"type": "LineString", "coordinates": [[-58.43076076201792, -34.62254423299352], [-58.430595990142606, -34.62324370416906]]}}, {"type": "Feature", "properties": {"id": 3376, "nombre": "FIGUEROA ALCORTA, PRES. AV.", "tipo": "Ciclovías", "comuna": 14, "barrio": "Palermo", "longitud_m": 105.89}, "geometry": {"type": "LineString", "coordinates": [[-58.41248199761148, -34.57114519708564], [-58.413353730875656, -34.57051976958133]]}}, {"type": "Feature", "properties": {"id": 12333, "nombre": "DON BOSCO", "tipo": "Ciclovías", "comuna": 5, "barrio": "Almagro", "longitud_m": 101.45}, "geometry": {"type": "LineString", "coordinates": [[-58.41677733155772, -34.612231191633754], [-58.41783721885131, -34.612492791878864]]}}, {"type": "Feature", "properties": {"id": 13532, "nombre": "FRAGATA PRES. SARMIENTO", "tipo": "Ciclovías", "comuna": 6, "barrio": "Caballito", "longitud_m": 128.72}, "geometry": {"type": "LineString", "coordinates": [[-58.45143783520222, -34.61676567146646], [-58.45203654955898, -34.615716207667255]]}}, {"type": "Feature", "properties": {"id": 7756, "nombre": "CORDOBA AV.", "tipo": "Ciclovías mano única", "comuna": 14, "barrio": "Palermo", "longitud_m": 135.95}, "geometry": {"type": "LineString", "coordinates": [[-58.430061297390196, -34.59430195597405], [-58.430284042815856, -34.59416300007198], [-58.43122119889041, -34.59353936648627]]}}, {"type": "Feature", "properties": {"id": 5324, "nombre": "GODOY CRUZ", "tipo": "Ciclovías", "comuna": 14, "barrio": "Palermo", "longitud_m": 39.28}, "geometry": {"type": "LineString", "coordinates": [[-58.42914233608737, -34.583094254217734], [-58.42889126932933, -34.58280748830656]]}}, {"type": "Feature", "properties": {"id": 33057, "nombre": "DEL LIBERTADOR AV.", "tipo": "Ciclovías", "comuna": 14, "barrio": "Palermo", "longitud_m": 42.57}, "geometry": {"type": "LineString", "coordinates": [[-58.43640910943142, -34.563695071770404], [-58.4367814908993, -34.563466302524056]]}}, {"type": "Feature", "properties": {"id": 10536, "nombre": "TRES ARROYOS", "tipo": "Ciclovías", "comuna": 15, "barrio": "Villa Crespo", "longitud_m": 51.58}, "geometry": {"type": "LineString", "coordinates": [[-58.45355261281733, -34.60537239257288], [-58.45400253578432, -34.605651234585196]]}}, {"type": "Feature", "properties": {"id": 9839, "nombre": "HUMAHUACA", "tipo": "Ciclovías", "comuna": 5, "barrio": "Almagro", "longitud_m": 109.82}, "geometry": {"type": "LineString", "coordinates": [[-58.41431930523901, -34.60292023845898], [-58.41533949523003, -34.60268211902986], [-58.41547160743154, -34.60265153662506]]}}, {"type": "Feature", "properties": {"id": 6963, "nombre": "DIAZ, CNEL. AV.", "tipo": "Ciclovías", "comuna": 14, "barrio": "Palermo", "longitud_m": 175.49}, "geometry": {"type": "LineString", "coordinates": [[-58.411191454640225, -34.59034641817538], [-58.41008373132284, -34.58905676319133]]}}, {"type": "Feature", "properties": {"id": 32428, "nombre": "GARCIA, TEODORO", "tipo": "Ciclovías mano única", "comuna": 15, "barrio": "Chacarita", "longitud_m": 95.5}, "geometry": {"type": "LineString", "coordinates": [[-58.454914806417676, -34.58436531841247], [-58.45523161952482, -34.58488307928817], [-58.455367809592644, -34.585140056403034]]}}, {"type": "Feature", "properties": {"id": 5222, "nombre": "ROSETI", "tipo": "Ciclovías", "comuna": 15, "barrio": "Chacarita", "longitud_m": 130.49}, "geometry": {"type": "LineString", "coordinates": [[-58.455368054415366, -34.582559681909906], [-58.45670710584234, -34.58216334582142]]}}, {"type": "Feature", "properties": {"id": 10467, "nombre": "TRES ARROYOS", "tipo": "Ciclovías", "comuna": 15, "barrio": "Villa Crespo", "longitud_m": 112.71}, "geometry": {"type": "LineString", "coordinates": [[-58.452569316333076, -34.60476307574261], [-58.45355261281733, -34.60537239257288]]}}, {"type": "Feature", "properties": {"id": 9560, "nombre": "CUCHA CUCHA", "tipo": "Ciclovías", "comuna": 15, "barrio": "Villa Crespo", "longitud_m": 85.26}, "geometry": {"type": "LineString", "coordinates": [[-58.45707057133438, -34.601892430023874], [-58.45682486156789, -34.60194467154929], [-58.45641534350078, -34.602389162925505]]}}, {"type": "Feature", "properties": {"id": 15961, "nombre": "VALLE", "tipo": "Ciclovías", "comuna": 6, "barrio": "Caballito", "longitud_m": 72.97}, "geometry": {"type": "LineString", "coordinates": [[-58.44459623808339, -34.625339988227246], [-58.444842595457764, -34.625402139134465], [-58.44532856684553, -34.625593199780276]]}}, {"type": "Feature", "properties": {"id": 7831, "nombre": "CORRIENTES AV.", "tipo": "Ciclovías mano única", "comuna": 15, "barrio": "Villa Crespo", "longitud_m": 107.27}, "geometry": {"type": "LineString", "coordinates": [[-58.44430137411248, -34.59476367334986], [-58.44444208596219, -34.594637073380284], [-58.44498764380749, -34.59412186629681], [-58.445079036594656, -34.59404166738544]]}}, {"type": "Feature", "properties": {"id": 7326, "nombre": "CORDOBA AV.", "tipo": "Ciclovías mano única", "comuna": 14, "barrio": "Palermo", "longitud_m": 107.99}, "geometry": {"type": "LineString", "coordinates": [[-58.4334472504057, -34.59205807563331], [-58.43413428321991, -34.59160076926767], [-58.434364853669535, -34.59144835678917]]}}, {"type": "Feature", "properties": {"id": 10197, "nombre": "CUCHA CUCHA", "tipo": "Ciclovías", "comuna": 15, "barrio": "Villa Crespo", "longitud_m": 102.18}, "geometry": {"type": "LineString", "coordinates": [[-58.454507990348155, -34.60433984429424], [-58.45518345274707, -34.60360748582258]]}}, {"type": "Feature", "properties": {"id": 27864, "nombre": "BORGES, JORGE LUIS", "tipo": "Ciclovías", "comuna": 14, "barrio": "Palermo", "longitud_m": 15.15}, "geometry": {"type": "LineString", "coordinates": [[-58.42979232501645, -34.58846410763337], [-58.429662500803644, -34.588379774677925]]}}, {"type": "Feature", "properties": {"id": 7459, "nombre": "CORDOBA AV.", "tipo": "Ciclovías mano única", "comuna": 14, "barrio": "Palermo", "longitud_m": 127.99}, "geometry": {"type": "LineString", "coordinates": [[-58.432360384273395, -34.59278133816233], [-58.4334472504057, -34.59205807563331]]}}, {"type": "Feature", "properties": {"id": 8276, "nombre": "PADILLA", "tipo": "Ciclovías", "comuna": 15, "barrio": "Villa Crespo", "longitud_m": 72.26}, "geometry": {"type": "LineString", "coordinates": [[-58.44606766428098, -34.59682495492281], [-58.44659757459173, -34.59634305063378]]}}, {"type": "Feature", "properties": {"id": 6328, "nombre": "BORGES, JORGE LUIS", "tipo": "Ciclovías", "comuna": 14, "barrio": "Palermo", "longitud_m": 55.65}, "geometry": {"type": "LineString", "coordinates": [[-58.42863609008443, -34.587712856098854], [-58.42815911303516, -34.587402995947265]]}}, {"type": "Feature", "properties": {"id": 9594, "nombre": "CORRIENTES AV.", "tipo": "Ciclovías mano única", "comuna": 15, "barrio": "Villa Crespo", "longitud_m": 126.13}, "geometry": {"type": "LineString", "coordinates": [[-58.43220014722129, -34.60207186790503], [-58.433474650605795, -34.60164527819773]]}}, {"type": "Feature", "properties": {"id": 8353, "nombre": "PADILLA", "tipo": "Ciclovías", "comuna": 15, "barrio": "Villa Crespo", "longitud_m": 56.16}, "geometry": {"type": "LineString", "coordinates": [[-58.44565140177326, -34.59719609856159], [-58.44606766428098, -34.59682495492281]]}}, {"type": "Feature", "properties": {"id": 29056, "nombre": "DEL LIBERTADOR AV.", "tipo": "Ciclovías", "comuna": 14, "barrio": "Palermo", "longitud_m": 18.06}, "geometry": {"type": "LineString", "coordinates": [[-58.41662321296921, -34.57417627373716], [-58.41679292104583, -34.57409386940613]]}}, {"type": "Feature", "properties": {"id": 11295, "nombre": "PATRICIAS ARGENTINAS AV.", "tipo": "Ciclovías", "comuna": 6, "barrio": "Caballito", "longitud_m": 35.43}, "geometry": {"type": "LineString", "coordinates": [[-58.43473150417178, -34.60873141801751], [-58.43439596466542, -34.60857327756408]]}}, {"type": "Feature", "properties": {"id": 6296, "nombre": "DIAZ, CNEL. AV.", "tipo": "Ciclovías", "comuna": 14, "barrio": "Palermo", "longitud_m": 130.02}, "geometry": {"type": "LineString", "coordinates": [[-58.40903144131909, -34.58755894991608], [-58.40831947180599, -34.58654558532527]]}}, {"type": "Feature", "properties": {"id": 8152, "nombre": "PADILLA", "tipo": "Ciclovías", "comuna": 15, "barrio": "Villa Crespo", "longitud_m": 97.73}, "geometry": {"type": "LineString", "coordinates": [[-58.44659757459173, -34.59634305063378], [-58.44731736978962, -34.59569355742889]]}}, {"type": "Feature", "properties": {"id": 2580, "nombre": "DEL LIBERTADOR AV.", "tipo": "Ciclovías", "comuna": 14, "barrio": "Palermo", "longitud_m": 123.87}, "geometry": {"type": "LineString", "coordinates": [[-58.43331201038407, -34.56553648227389], [-58.433800160628635, -34.56524596124451], [-58.43441134191019, -34.56488863501592]]}}, {"type": "Feature", "properties": {"id": 7721, "nombre": "ACUÑA DE FIGUEROA, FRANCISCO", "tipo": "Ciclovías", "comuna": 14, "barrio": "Palermo", "longitud_m": 155.77}, "geometry": {"type": "LineString", "coordinates": [[-58.421060074882924, -34.59416332493849], [-58.420784355503, -34.59277778375237]]}}, {"type": "Feature", "properties": {"id": 8764, "nombre": "ESTADO DE ISRAEL AV.", "tipo": "Ciclovías mano única", "comuna": 15, "barrio": "Villa Crespo", "longitud_m": 123.0}, "geometry": {"type": "LineString", "coordinates": [[-58.42798942641815, -34.59842341217611], [-58.428549866258614, -34.59867202767766], [-58.429163606309686, -34.59895861385966]]}}, {"type": "Feature", "properties": {"id": 2497, "nombre": "DEL LIBERTADOR AV.", "tipo": "Ciclovías", "comuna": 14, "barrio": "Palermo", "longitud_m": 121.56}, "geometry": {"type": "LineString", "coordinates": [[-58.43441134191019, -34.56488863501592], [-58.435491583099534, -34.56425450612577]]}}, {"type": "Feature", "properties": {"id": 7457, "nombre": "ACUÑA DE FIGUEROA, FRANCISCO", "tipo": "Ciclovías", "comuna": 14, "barrio": "Palermo", "longitud_m": 134.92}, "geometry": {"type": "LineString", "coordinates": [[-58.420784355503, -34.59277778375237], [-58.4205455930777, -34.59157768024439]]}}, {"type": "Feature", "properties": {"id": 5857, "nombre": "DIAZ, CNEL. AV.", "tipo": "Ciclovías", "comuna": 14, "barrio": "Palermo", "longitud_m": 97.7}, "geometry": {"type": "LineString", "coordinates": [[-58.40762853294531, -34.585560184258696], [-58.40709464493288, -34.58479816541325]]}}, {"type": "Feature", "properties": {"id": 4567, "nombre": "RAVIGNANI, EMILIO, DR.", "tipo": "Ciclovías", "comuna": 14, "barrio": "Palermo", "longitud_m": 123.43}, "geometry": {"type": "LineString", "coordinates": [[-58.43655572944099, -34.57927441299739], [-58.435630231243785, -34.57846693784146]]}}, {"type": "Feature", "properties": {"id": 28971, "nombre": "DEL LIBERTADOR AV.", "tipo": "Ciclovías", "comuna": 14, "barrio": "Palermo", "longitud_m": 173.3}, "geometry": {"type": "LineString", "coordinates": [[-58.43944733936333, -34.56253250045331], [-58.44048776069761, -34.56237277354105], [-58.441299891033246, -34.56223061695886]]}}, {"type": "Feature", "properties": {"id": 8531, "nombre": "ALVAREZ, JULIAN", "tipo": "Ciclovías", "comuna": 15, "barrio": "Villa Crespo", "longitud_m": 125.12}, "geometry": {"type": "LineString", "coordinates": [[-58.431915189665645, -34.59796842150168], [-58.43083781097973, -34.59727686105473]]}}, {"type": "Feature", "properties": {"id": 5209, "nombre": "DEL LIBERTADOR AV.", "tipo": "Ciclovías", "comuna": 14, "barrio": "Palermo", "longitud_m": 131.04}, "geometry": {"type": "LineString", "coordinates": [[-58.400204001801846, -34.58247461487363], [-58.40153456772427, -34.58204535805431]]}}, {"type": "Feature", "properties": {"id": 14327, "nombre": "LINIERS VIRREY", "tipo": "Ciclovías", "comuna": 5, "barrio": "Almagro", "longitud_m": 158.8}, "geometry": {"type": "LineString", "coordinates": [[-58.41409428427015, -34.61823711795465], [-58.413941217598506, -34.61966298914265]]}}, {"type": "Feature", "properties": {"id": 6256, "nombre": "BORGES, JORGE LUIS", "tipo": "Ciclovías", "comuna": 14, "barrio": "Palermo", "longitud_m": 126.07}, "geometry": {"type": "LineString", "coordinates": [[-58.42815911303516, -34.587402995947265], [-58.42707858546403, -34.58670090710878]]}}, {"type": "Feature", "properties": {"id": 5456, "nombre": "BORGES, JORGE LUIS", "tipo": "Ciclovías", "comuna": 14, "barrio": "Palermo", "longitud_m": 144.97}, "geometry": {"type": "LineString", "coordinates": [[-58.423067782243386, -34.583729104688246], [-58.42193653108642, -34.5828167380905]]}}, {"type": "Feature", "properties": {"id": 5630, "nombre": "CORDOBA AV.", "tipo": "Ciclovías mano única", "comuna": 15, "barrio": "Chacarita", "longitud_m": 169.75}, "geometry": {"type": "LineString", "coordinates": [[-58.44478692702912, -34.584513430402396], [-58.44642856994631, -34.583807740077326]]}}, {"type": "Feature", "properties": {"id": 7501, "nombre": "ALVAREZ, JULIAN", "tipo": "Ciclovías", "comuna": 14, "barrio": "Palermo", "longitud_m": 115.94}, "geometry": {"type": "LineString", "coordinates": [[-58.4242883653164, -34.592870575471466], [-58.42332027706831, -34.592198772066666]]}}, {"type": "Feature", "properties": {"id": 14841, "nombre": "INDEPENDENCIA AV.", "tipo": "Ciclovías", "comuna": 5, "barrio": "Almagro", "longitud_m": 29.74}, "geometry": {"type": "LineString", "coordinates": [[-58.42372083121156, -34.62150629463425], [-58.42404256528625, -34.62154006097125]]}}, {"type": "Feature", "properties": {"id": 9713, "nombre": "HUMAHUACA", "tipo": "Ciclovías", "comuna": 5, "barrio": "Almagro", "longitud_m": 129.05}, "geometry": {"type": "LineString", "coordinates": [[-58.41652381681793, -34.60240785636323], [-58.41667143060976, -34.6023736165723], [-58.41790517578575, -34.60219048749256]]}}, {"type": "Feature", "properties": {"id": 8109, "nombre": "LOYOLA", "tipo": "Ciclovías", "comuna": 15, "barrio": "Villa Crespo", "longitud_m": 130.08}, "geometry": {"type": "LineString", "coordinates": [[-58.43532834623318, -34.59616239175176], [-58.43608994916719, -34.59534776201179], [-58.43619583965536, -34.59523482599103]]}}, {"type": "Feature", "properties": {"id": 13648, "nombre": "CHACO", "tipo": "Ciclovías", "comuna": 6, "barrio": "Caballito", "longitud_m": 72.07}, "geometry": {"type": "LineString", "coordinates": [[-58.42879471753603, -34.61718609207695], [-58.42908850369902, -34.6172040623695], [-58.42957846027307, -34.617233142815735]]}}, {"type": "Feature", "properties": {"id": 6301, "nombre": "CORDOBA AV.", "tipo": "Ciclovías mano única", "comuna": 14, "barrio": "Palermo", "longitud_m": 145.79}, "geometry": {"type": "LineString", "coordinates": [[-58.440157973535676, -34.58760093493062], [-58.44109063752393, -34.58698447763989], [-58.44139893925012, -34.586780093119685]]}}, {"type": "Feature", "properties": {"id": 5608, "nombre": "GARCIA, TEODORO", "tipo": "Ciclovías mano única", "comuna": 15, "barrio": "Chacarita", "longitud_m": 16.9}, "geometry": {"type": "LineString", "coordinates": [[-58.4548289050093, -34.584230591727085], [-58.454914806417676, -34.58436531841247]]}}, {"type": "Feature", "properties": {"id": 3537, "nombre": "DEL LIBERTADOR AV.", "tipo": "Ciclovías", "comuna": 14, "barrio": "Palermo", "longitud_m": 55.04}, "geometry": {"type": "LineString", "coordinates": [[-58.42002456626653, -34.57260264036872], [-58.420550492861885, -34.572364088524864]]}}, {"type": "Feature", "properties": {"id": 9391, "nombre": "HUMAHUACA", "tipo": "Ciclovías", "comuna": 5, "barrio": "Almagro", "longitud_m": 134.78}, "geometry": {"type": "LineString", "coordinates": [[-58.42692806048529, -34.601304553547244], [-58.42709081969424, -34.60128854537152], [-58.42838667481215, -34.60115856893092]]}}, {"type": "Feature", "properties": {"id": 12276, "nombre": "VALLESE, FELIPE", "tipo": "Ciclovías", "comuna": 6, "barrio": "Caballito", "longitud_m": 102.02}, "geometry": {"type": "LineString", "coordinates": [[-58.44227305892652, -34.61191319623147], [-58.44246802106363, -34.611987927800634], [-58.44328087424929, -34.61230222306791]]}}, {"type": "Feature", "properties": {"id": 15614, "nombre": "VALLE", "tipo": "Ciclovías", "comuna": 6, "barrio": "Caballito", "longitud_m": 123.1}, "geometry": {"type": "LineString", "coordinates": [[-58.43179143474104, -34.624157409678915], [-58.43199579262694, -34.62418774433299], [-58.433120759455825, -34.6243100715022]]}}, {"type": "Feature", "properties": {"id": 3818, "nombre": "CERVIÑO AV.", "tipo": "Ciclovías", "comuna": 14, "barrio": "Palermo", "longitud_m": 287.72}, "geometry": {"type": "LineString", "coordinates": [[-58.4249896110082, -34.574556239745846], [-58.42733130650013, -34.57283144932]]}}, {"type": "Feature", "properties": {"id": 5969, "nombre": "CORDOBA AV.", "tipo": "Ciclovías mano única", "comuna": 14, "barrio": "Palermo", "longitud_m": 123.73}, "geometry": {"type": "LineString", "coordinates": [[-58.44242654406032, -34.58609857095137], [-58.443478573934314, -34.58540084654664]]}}, {"type": "Feature", "properties": {"id": 6158, "nombre": "NEWBERY, JORGE AV.", "tipo": "Ciclovías", "comuna": 15, "barrio": "Chacarita", "longitud_m": 118.91}, "geometry": {"type": "LineString", "coordinates": [[-58.44988320314321, -34.58591700959855], [-58.45019240206072, -34.586886356211885], [-58.450213679366996, -34.586953472359184]]}}, {"type": "Feature", "properties": {"id": 8222, "nombre": "ALVAREZ, JULIAN", "tipo": "Ciclovías", "comuna": 15, "barrio": "Villa Crespo", "longitud_m": 195.26}, "geometry": {"type": "LineString", "coordinates": [[-58.429772624979876, -34.596593322670365], [-58.42809080557664, -34.59551459215837]]}}, {"type": "Feature", "properties": {"id": 1248, "nombre": "OBLIGADO RAFAEL, AV.COSTANERA", "tipo": "Ciclovías", "comuna": 14, "barrio": "Palermo", "longitud_m": 232.36}, "geometry": {"type": "LineString", "coordinates": [[-58.42114651096686, -34.553700159446144], [-58.423581303412654, -34.55312666849527]]}}, {"type": "Feature", "properties": {"id": 5223, "nombre": "RAVIGNANI, EMILIO, DR.", "tipo": "Ciclovías", "comuna": 14, "barrio": "Palermo", "longitud_m": 126.18}, "geometry": {"type": "LineString", "coordinates": [[-58.44033025792441, -34.58257010236521], [-58.44015345087742, -34.582414713989266], [-58.43938510846347, -34.581743919662166]]}}, {"type": "Feature", "properties": {"id": 11368, "nombre": "TRES ARROYOS", "tipo": "Ciclovías", "comuna": 6, "barrio": "Caballito", "longitud_m": 70.37}, "geometry": {"type": "LineString", "coordinates": [[-58.46014210439824, -34.6086751829582], [-58.46077169629307, -34.6090375971023]]}}, {"type": "Feature", "properties": {"id": 6922, "nombre": "CORRIENTES AV.", "tipo": "Ciclovías mano única", "comuna": 15, "barrio": "Chacarita", "longitud_m": 47.82}, "geometry": {"type": "LineString", "coordinates": [[-58.44951716723846, -34.589889291989564], [-58.44917419563529, -34.590213906237906]]}}, {"type": "Feature", "properties": {"id": 11491, "nombre": "BILLINGHURST", "tipo": "Ciclovías", "comuna": 5, "barrio": "Almagro", "longitud_m": 103.35}, "geometry": {"type": "LineString", "coordinates": [[-58.41595345148391, -34.60946231578933], [-58.41606734341177, -34.60853544559827]]}}, {"type": "Feature", "properties": {"id": 9677, "nombre": "TRES ARROYOS", "tipo": "Ciclovías", "comuna": 15, "barrio": "Villa Crespo", "longitud_m": 113.49}, "geometry": {"type": "LineString", "coordinates": [[-58.44764624167117, -34.601686511377096], [-58.44863031571877, -34.60230657266328]]}}, {"type": "Feature", "properties": {"id": 15889, "nombre": "VALLE", "tipo": "Ciclovías", "comuna": 6, "barrio": "Caballito", "longitud_m": 71.63}, "geometry": {"type": "LineString", "coordinates": [[-58.44254889326633, -34.62517845810315], [-58.44332461904374, -34.62525387014771]]}}, {"type": "Feature", "properties": {"id": 12182, "nombre": "FRAGATA PRES. SARMIENTO", "tipo": "Ciclovías", "comuna": 6, "barrio": "Caballito", "longitud_m": 149.96}, "geometry": {"type": "LineString", "coordinates": [[-58.454754881197964, -34.611963279975996], [-58.45557779827824, -34.61079522027609]]}}, {"type": "Feature", "properties": {"id": 4653, "nombre": "GODOY CRUZ", "tipo": "Ciclovías", "comuna": 14, "barrio": "Palermo", "longitud_m": 146.43}, "geometry": {"type": "LineString", "coordinates": [[-58.426195771688576, -34.57972938795806], [-58.42543931830014, -34.5788655477926], [-58.42525456465816, -34.578663444256286]]}}, {"type": "Feature", "properties": {"id": 12162, "nombre": "LINIERS VIRREY", "tipo": "Ciclovías", "comuna": 5, "barrio": "Almagro", "longitud_m": 123.95}, "geometry": {"type": "LineString", "coordinates": [[-58.41582559064895, -34.61083390468991], [-58.41533710490443, -34.61187562916196]]}}, {"type": "Feature", "properties": {"id": 8206, "nombre": "CORDOBA AV.", "tipo": "Ciclovías mano única", "comuna": 14, "barrio": "Palermo", "longitud_m": 81.61}, "geometry": {"type": "LineString", "coordinates": [[-58.426242133073345, -34.596511384787114], [-58.426952167479044, -34.59621004420459], [-58.42702576594789, -34.5961651358037]]}}, {"type": "Feature", "properties": {"id": 8923, "nombre": "BILLINGHURST", "tipo": "Ciclovías", "comuna": 5, "barrio": "Almagro", "longitud_m": 16.88}, "geometry": {"type": "LineString", "coordinates": [[-58.4149325637405, -34.59959972834054], [-58.41490616498601, -34.5994491521592]]}}, {"type": "Feature", "properties": {"id": 27686, "nombre": "CALZADA CIRCULAR PLAZA ITALIA", "tipo": "Ciclovías", "comuna": 14, "barrio": "Palermo", "longitud_m": 87.3}, "geometry": {"type": "LineString", "coordinates": [[-58.42075372726183, -34.58186272243346], [-58.42051907669915, -34.58183604038293], [-58.42028322656326, -34.5816880076605], [-58.42019454557049, -34.5815422072014], [-58.420133732845464, -34.58141630613467], [-58.420119387376985, -34.5813704483093]]}}, {"type": "Feature", "properties": {"id": 14087, "nombre": "ROSARIO", "tipo": "Ciclovías", "comuna": 6, "barrio": "Caballito", "longitud_m": 22.02}, "geometry": {"type": "LineString", "coordinates": [[-58.43130727835836, -34.618673556075436], [-58.43154407668187, -34.61870643525585]]}}, {"type": "Feature", "properties": {"id": 13862, "nombre": "TREINTA Y TRES ORIENTALES", "tipo": "Ciclovías", "comuna": 5, "barrio": "Almagro", "longitud_m": 111.88}, "geometry": {"type": "LineString", "coordinates": [[-58.424436403741254, -34.61692752471948], [-58.42438388728746, -34.6179351263028]]}}, {"type": "Feature", "properties": {"id": 6651, "nombre": "DIAZ, CNEL. AV.", "tipo": "Ciclovías", "comuna": 14, "barrio": "Palermo", "longitud_m": 106.49}, "geometry": {"type": "LineString", "coordinates": [[-58.41008373132284, -34.58905676319133], [-58.409500538944854, -34.58822677485399]]}}, {"type": "Feature", "properties": {"id": 8969, "nombre": "PADILLA", "tipo": "Ciclovías", "comuna": 15, "barrio": "Villa Crespo", "longitud_m": 129.97}, "geometry": {"type": "LineString", "coordinates": [[-58.44278344976453, -34.59979238117649], [-58.44373894253475, -34.598927313294205]]}}, {"type": "Feature", "properties": {"id": 5559, "nombre": "GORRITI", "tipo": "Ciclovías", "comuna": 14, "barrio": "Palermo", "longitud_m": 128.91}, "geometry": {"type": "LineString", "coordinates": [[-58.43824139061324, -34.58413310019643], [-58.438376721910245, -34.584031506345674], [-58.43928315136564, -34.58335343629561]]}}, {"type": "Feature", "properties": {"id": 5256, "nombre": "NEWBERY, JORGE AV.", "tipo": "Ciclovías", "comuna": 15, "barrio": "Chacarita", "longitud_m": 148.78}, "geometry": {"type": "LineString", "coordinates": [[-58.448435760623134, -34.581467238513184], [-58.44855463968977, -34.58175238294086], [-58.44887522865068, -34.58275747116991]]}}, {"type": "Feature", "properties": {"id": 6731, "nombre": "ALVAREZ, JULIAN", "tipo": "Ciclovías", "comuna": 14, "barrio": "Palermo", "longitud_m": 55.12}, "geometry": {"type": "LineString", "coordinates": [[-58.41904623537421, -34.58935640372332], [-58.418558033408445, -34.589066854533314]]}}, {"type": "Feature", "properties": {"id": 9216, "nombre": "ESTADO DE ISRAEL AV.", "tipo": "Ciclovías mano única", "comuna": 15, "barrio": "Villa Crespo", "longitud_m": 130.73}, "geometry": {"type": "LineString", "coordinates": [[-58.430189748074554, -34.599803839366324], [-58.43027684053665, -34.599881681076624], [-58.431039920475634, -34.60074872957914]]}}, {"type": "Feature", "properties": {"id": 15507, "nombre": "VALLE", "tipo": "Ciclovías", "comuna": 6, "barrio": "Caballito", "longitud_m": 141.72}, "geometry": {"type": "LineString", "coordinates": [[-58.428895832706566, -34.62378253854276], [-58.430422938236575, -34.62397845490656]]}}, {"type": "Feature", "properties": {"id": 8493, "nombre": "CORDOBA AV.", "tipo": "Ciclovías mano única", "comuna": 14, "barrio": "Palermo", "longitud_m": 153.97}, "geometry": {"type": "LineString", "coordinates": [[-58.417265255489994, -34.59782510994273], [-58.41746794485734, -34.59782018616162], [-58.418943060511275, -34.59778875895814]]}}, {"type": "Feature", "properties": {"id": 9517, "nombre": "BILLINGHURST", "tipo": "Ciclovías", "comuna": 5, "barrio": "Almagro", "longitud_m": 111.43}, "geometry": {"type": "LineString", "coordinates": [[-58.41531490134294, -34.601759771526126], [-58.41513883975179, -34.60076595464438]]}}, {"type": "Feature", "properties": {"id": 14316, "nombre": "SENILLOSA", "tipo": "Ciclovías", "comuna": 6, "barrio": "Caballito", "longitud_m": 128.15}, "geometry": {"type": "LineString", "coordinates": [[-58.429960769499, -34.618483545272], [-58.42976326790262, -34.61944526359076], [-58.429729378156985, -34.61962279165884]]}}, {"type": "Feature", "properties": {"id": 16366, "nombre": "RIGLOS", "tipo": "Ciclovías", "comuna": 6, "barrio": "Caballito", "longitud_m": 57.48}, "geometry": {"type": "LineString", "coordinates": [[-58.43605234471473, -34.62652233590094], [-58.435935890790326, -34.6270314704107]]}}, {"type": "Feature", "properties": {"id": 2668, "nombre": "11 DE SEPTIEMBRE DE 1888", "tipo": "Ciclovías", "comuna": 14, "barrio": "Palermo", "longitud_m": 126.26}, "geometry": {"type": "LineString", "coordinates": [[-58.44472652720554, -34.56626975397394], [-58.44552133103973, -34.565340768136515]]}}, {"type": "Feature", "properties": {"id": 5975, "nombre": "FOREST AV.", "tipo": "Ciclovías mano única", "comuna": 15, "barrio": "Chacarita", "longitud_m": 61.92}, "geometry": {"type": "LineString", "coordinates": [[-58.45311105645246, -34.5861228183911], [-58.453516340144596, -34.585676505548776]]}}, {"type": "Feature", "properties": {"id": 14842, "nombre": "TREINTA Y TRES ORIENTALES", "tipo": "Ciclovías", "comuna": 5, "barrio": "Almagro", "longitud_m": 132.9}, "geometry": {"type": "LineString", "coordinates": [[-58.42415880943454, -34.62034592904788], [-58.42404256528625, -34.62154006097125]]}}, {"type": "Feature", "properties": {"id": 12161, "nombre": "DON BOSCO", "tipo": "Ciclovías", "comuna": 5, "barrio": "Almagro", "longitud_m": 126.4}, "geometry": {"type": "LineString", "coordinates": [[-58.41401663116532, -34.61154960554737], [-58.41533710490443, -34.61187562916196]]}}, {"type": "Feature", "properties": {"id": 3802, "nombre": "ZAPATA", "tipo": "Ciclovías", "comuna": 14, "barrio": "Palermo", "longitud_m": 130.31}, "geometry": {"type": "LineString", "coordinates": [[-58.439599345951905, -34.57450917518309], [-58.44068609061159, -34.57375309878597]]}}, {"type": "Feature", "properties": {"id": 9595, "nombre": "CORRIENTES AV.", "tipo": "Ciclovías mano única", "comuna": 5, "barrio": "Almagro", "longitud_m": 27.86}, "geometry": {"type": "LineString", "coordinates": [[-58.43189660979431, -34.60207967760541], [-58.43220014722129, -34.60207186790503]]}}]}